Year,Team,PA,AB,R,H_x,2B,3B,HR_x,TB,RBI,SB,CS,BB_x,HP,SO_x,GDP,SH,SF,ePA,BB_HBP_PA,SO_PA,HR_PA,AVG_calc,OBP,SLG_calc,ISO,R_PA,H_minus_HR_PA,GDP_PA,OBP_strong,BB_HBP_PA_strong,ISO_strong,HR_PA_strong,R_PA_strong,SO_PA_strong,OBP_diff,OBP_adv,BB_HBP_PA_diff,BB_HBP_PA_adv,ISO_diff,ISO_adv,HR_PA_diff,HR_PA_adv,R_PA_diff,R_PA_adv,SO_PA_diff,SO_PA_adv,IP,H_y,HR_y,BB_y,SO_y,ER,FIP,BB_9,K_9,HR_9,ERA,H_9,K_9_strong,ERA_strong,FIP_strong,BB_9_strong,HR_9_strong,H_9_strong,K_9_diff,K_9_adv,ERA_diff,ERA_adv,FIP_diff,FIP_adv,BB_9_diff,BB_9_adv,HR_9_diff,HR_9_adv,H_9_diff,H_9_adv,OBP_adv_z,BB_HBP_PA_adv_z,ISO_adv_z,HR_PA_adv_z,R_PA_adv_z,SO_PA_adv_z,K_9_adv_z,ERA_adv_z,FIP_adv_z,BB_9_adv_z,HR_9_adv_z,H_9_adv_z,Off_Score,Pit_Score,Typology,Top_Adv,Top_Gap
2021,KIA,5577,4831,568,1198,183,21,66,1621,546,73,31,595,73,921,119,41,37,5526,0.1197776582391967,0.1651425497579343,0.0118343195266272,0.2479817843096667,0.3370664739884393,0.3355412957979714,0.0875595114883046,0.1018468710776403,0.2029765106688183,0.0213376367222521,0.3560115190784737,0.1247778172769285,0.1162162162162162,0.0188410949164592,0.1277995023107003,0.1861002488446498,-0.018945045090034418,-0.018945045090034418,-0.005000159037731794,-0.005000159037731794,-0.028656704727911597,-0.028656704727911597,-0.007006775389832,-0.007006775389832,-0.025952631233060006,-0.025952631233060006,-0.020957699086715492,0.020957699086715492,1261.0,1283,134,622,951,693,6.124827586206897,4.439333862014275,6.787470261697066,0.956383822363204,4.9460745440126885,9.157018239492466,7.595359186268278,3.7047043865225686,4.702916666666667,3.497298156389066,0.6150667514303879,8.410680228862049,-0.8078889245712126,-0.8078889245712126,1.24137015749012,-1.24137015749012,1.4219109195402302,-1.4219109195402302,0.9420357056252087,-0.9420357056252087,0.34131707093281605,-0.34131707093281605,0.7463380106304172,-0.7463380106304172,-1.1987732254995282,0.08264140973607595,-1.6547962713128301,-1.3331467693696646,-2.1007178317275486,0.7716171498822372,-1.3074771241548262,-0.8553750015015462,-0.8431167035902343,-0.5854404319765192,-0.7960003353433623,-0.376435858270656,-1.091583324439792,-0.8352045328632605,Overall Weak,"SO_PA(+0.77), BB_HBP_PA(+0.08), H_9(-0.38)","R_PA(-2.10), ISO(-1.65), HR_PA(-1.33)"
2021,KT,5626,4810,719,1276,219,11,106,1835,673,112,46,644,58,1047,105,69,44,5541,0.1247778172769285,0.1861002488446498,0.0188410949164592,0.2652806652806653,0.3560115190784737,0.3814968814968815,0.1162162162162162,0.1277995023107003,0.2079630287948809,0.0186633487380021,0.3560115190784737,0.1247778172769285,0.1162162162162162,0.0188410949164592,0.1277995023107003,0.1861002488446498,0.0,0.0,0.0,0.0,0.0,0.0,0.0,0.0,0.0,0.0,0.0,-0.0,1258.4,1176,86,489,1062,518,4.702916666666667,3.497298156389066,7.595359186268278,0.6150667514303879,3.7047043865225686,8.410680228862049,7.595359186268278,3.7047043865225686,4.702916666666667,3.497298156389066,0.6150667514303879,8.410680228862049,0.0,0.0,0.0,-0.0,0.0,-0.0,0.0,-0.0,0.0,-0.0,0.0,-0.0,1.2705702161054153,0.7657680537923509,-0.33486485004420935,-0.2716269949888911,0.4875539846620674,-0.19193427959221823,0.7787371040331377,1.396085758086938,1.5908105334071512,1.7315709975859774,1.327270176241689,1.223872230938531,0.4354487913377497,1.3893234424678256,Balanced Strong,"BB_9(+1.73), FIP(+1.59), ERA(+1.40)","ISO(-0.33), HR_PA(-0.27), SO_PA(-0.19)"
2021,LG,5533,4750,654,1188,210,11,110,1750,621,92,34,592,94,926,102,52,45,5471,0.1239833724923188,0.167359479486716,0.0198807157057654,0.2501052631578947,0.3419084108739281,0.3684210526315789,0.1183157894736842,0.1181998915597325,0.1948310139165009,0.0184348454726188,0.3560115190784737,0.1247778172769285,0.1162162162162162,0.0188410949164592,0.1277995023107003,0.1861002488446498,-0.014103108204545634,-0.014103108204545634,-0.000794444784609688,-0.000794444784609688,0.0020995732574679987,0.0020995732574679987,0.0010396207893062018,0.0010396207893062018,-0.00959961075096781,-0.00959961075096781,-0.018740769357933784,0.018740769357933784,1265.8,1126,80,545,1068,508,4.509375,3.8750197503555066,7.593616685100332,0.5688102385842946,3.6119450150102703,8.006004108073945,7.595359186268278,3.7047043865225686,4.702916666666667,3.497298156389066,0.6150667514303879,8.410680228862049,-0.0017425011679463864,-0.0017425011679463864,-0.0927593715122983,0.0927593715122983,-0.1935416666666665,0.1935416666666665,0.37772159396644067,-0.37772159396644067,-0.046256512846093334,0.046256512846093334,-0.40467612078810333,0.40467612078810333,-0.5676633476383152,0.6572302261946487,-0.23815824193626148,-0.11412543909381316,-0.46982107807877393,0.6696915615639059,0.7742374375336455,1.564322511471024,1.9221015640338703,0.8025348207332474,1.615023406475513,2.0915842600498116,-0.1375413430882123,1.4897535271487983,Pitching-driven,"H_9(+2.09), FIP(+1.92), HR_9(+1.62)","OBP(-0.57), R_PA(-0.47), ISO(-0.24)"
2021,NC,5530,4806,702,1254,203,17,170,2001,670,101,46,511,111,1093,94,59,43,5460,0.1124773960216998,0.1976491862567811,0.0307414104882459,0.2609238451935081,0.3428989215865472,0.416354556803995,0.1554307116104868,0.1269439421338155,0.1960216998191681,0.0169981916817359,0.3560115190784737,0.1247778172769285,0.1162162162162162,0.0188410949164592,0.1277995023107003,0.1861002488446498,-0.013112597491926503,-0.013112597491926503,-0.012300421255228691,-0.012300421255228691,0.039214495394270604,0.039214495394270604,0.0119003155717867,0.0119003155717867,-0.0008555601768848176,-0.0008555601768848176,0.01154893741213131,-0.01154893741213131,1249.9,1268,125,592,1055,634,5.461875,4.262741019281542,7.596607728618289,0.9000720057604608,4.565165213217057,9.130330426434114,7.595359186268278,3.7047043865225686,4.702916666666667,3.497298156389066,0.6150667514303879,8.410680228862049,0.0012485423500105952,0.0012485423500105952,0.8604608266944882,-0.8604608266944882,0.7589583333333332,-0.7589583333333332,0.7654428628924759,-0.7654428628924759,0.28500525433007284,-0.28500525433007284,0.719650197572065,-0.719650197572065,-0.43855776248813244,-0.9147275922770508,1.4713597361929087,1.5312594396404784,0.40222844394250346,-0.7229083672688502,0.7819612190517583,-0.16452352092348202,0.29167896766642126,-0.15109634868180088,-0.44569491604622713,-0.31921148739276356,0.16154057239952851,0.05173383779642397,Balanced Strong,"HR_PA(+1.53), ISO(+1.47), K_9(+0.78)","BB_HBP_PA(-0.91), SO_PA(-0.72), HR_9(-0.45)"
2021,SSG,5735,4898,755,1278,204,13,185,2063,712,100,43,636,94,1055,106,55,52,5672,0.1272885789014821,0.1839581517000872,0.032258064516129,0.2609228256431196,0.3535211267605633,0.421192323397305,0.1602694977541853,0.1316477768090671,0.1905841325196164,0.0184829991281604,0.3560115190784737,0.1247778172769285,0.1162162162162162,0.0188410949164592,0.1277995023107003,0.1861002488446498,-0.002490392317910428,-0.002490392317910428,0.0025107616245536035,0.0025107616245536035,0.04405328153796911,0.04405328153796911,0.013416969599669797,0.013416969599669797,0.003848274498366805,0.003848274498366805,-0.0021420971445625936,0.0021420971445625936,1252.4,1279,147,612,1003,677,6.042258064516129,4.397955924624721,7.207761098690515,1.056371766208879,4.865059086553817,9.191152986266369,7.595359186268278,3.7047043865225686,4.702916666666667,3.497298156389066,0.6150667514303879,8.410680228862049,-0.3875980875777634,-0.3875980875777634,1.1603547000312484,-1.1603547000312484,1.339341397849462,-1.339341397849462,0.9006577682356554,-0.9006577682356554,0.44130501477849104,-0.44130501477849104,0.7804727574043202,-0.7804727574043202,0.9459663997497437,1.1087907756025417,1.6942348340978706,1.7610310752245841,0.8713447585688596,-0.09344919508097234,-0.2221587128668723,-0.7084380687195037,-0.7017799960460025,-0.4836681177310761,-1.418006882221683,-0.4496280454664316,1.0131537258101537,-0.6878378329605868,Offense-driven,"HR_PA(+1.76), ISO(+1.69), BB_HBP_PA(+1.11)","HR_9(-1.42), ERA(-0.71), FIP(-0.70)"
2021,두산,5645,4900,738,1314,235,17,110,1913,698,81,37,560,86,943,137,46,53,5590,0.1144375553587245,0.1670504871567759,0.0194862710363153,0.2681632653061224,0.3500625111627076,0.3904081632653061,0.1222448979591837,0.1307351638618246,0.2132860938883968,0.0242692648361381,0.3560115190784737,0.1247778172769285,0.1162162162162162,0.0188410949164592,0.1277995023107003,0.1861002488446498,-0.005949007915766136,-0.005949007915766136,-0.010340261918203988,-0.010340261918203988,0.006028681742967501,0.006028681742967501,0.0006451761198561015,0.0006451761198561015,0.002935661551124291,0.002935661551124291,-0.019049761687873895,0.019049761687873895,1260.7,1295,104,587,1045,601,5.726333333333333,4.190529071150948,7.460141191401602,0.742444673594035,4.290473546442453,9.244863964464184,7.595359186268278,3.7047043865225686,4.702916666666667,3.497298156389066,0.6150667514303879,8.410680228862049,-0.13521799486667607,-0.13521799486667607,0.585769159919884,-0.585769159919884,1.023416666666666,-1.023416666666666,0.693230914761882,-0.693230914761882,0.12737792216364707,-0.12737792216364707,0.8341837356021351,-0.8341837356021351,0.4951619966454154,-0.6469286963593959,-0.057183011293896344,-0.173883429499498,0.7803293101001475,0.6838977967034856,0.42956323096930277,0.33368203444399464,-0.16100223177120698,0.026514657111781165,0.5348756287967299,-0.5647958537048164,0.29461065913022766,0.12672488259271195,Balanced Strong,"R_PA(+0.78), SO_PA(+0.68), HR_9(+0.53)","BB_HBP_PA(-0.65), H_9(-0.56), HR_PA(-0.17)"
2021,롯데,5726,5009,727,1393,266,10,107,2000,697,60,31,579,54,969,114,38,46,5675,0.1105483758295494,0.1692280824310164,0.0186866922808243,0.2780994210421241,0.3561884669479606,0.3992812936713915,0.1211818726292673,0.1269647223192455,0.2245895913377576,0.0199091861683548,0.3560115190784737,0.1247778172769285,0.1162162162162162,0.0188410949164592,0.1277995023107003,0.1861002488446498,0.00017694786948685426,0.00017694786948685426,-0.014229441447379088,-0.014229441447379088,0.004965656413051106,0.004965656413051106,-0.00015440263563490028,-0.00015440263563490028,-0.0008347799914548149,-0.0008347799914548149,-0.0168721664136334,0.0168721664136334,1257.0,1328,133,651,1049,757,6.151515151515151,4.6610978520286395,7.510739856801909,0.9522673031026252,5.420047732696897,9.50835322195704,7.595359186268278,3.7047043865225686,4.702916666666667,3.497298156389066,0.6150667514303879,8.410680228862049,-0.08461932946636974,-0.08461932946636974,1.7153433461743286,-1.7153433461743286,1.4485984848484845,-1.4485984848484845,1.1637996956395735,-1.1637996956395735,0.3372005516722373,-0.3372005516722373,1.0976729930949922,-1.0976729930949922,1.2936340335282186,-1.178272227604943,-0.10614609158813736,-0.29501884670727274,0.4043008645693304,0.5837806497481094,0.5602243311217364,-1.7150154793885923,-0.8887986033494049,-1.1308865296779318,-0.7703922286861971,-1.1297730948202331,0.30002666000535677,-0.8937230572048867,Offense-driven,"OBP(+1.29), SO_PA(+0.58), K_9(+0.56)","ERA(-1.72), BB_HBP_PA(-1.18), BB_9(-1.13)"
2021,삼성,5552,4836,712,1292,204,18,133,1931,669,116,44,545,55,902,98,48,68,5493,0.1080691642651296,0.1624639769452449,0.0239553314121037,0.2671629445822994,0.34375,0.3992969396195203,0.1321339950372208,0.1282420749279539,0.2087536023054755,0.0176512968299711,0.3560115190784737,0.1247778172769285,0.1162162162162162,0.0188410949164592,0.1277995023107003,0.1861002488446498,-0.012261519078473726,-0.012261519078473726,-0.0167086530117989,-0.0167086530117989,0.01591777882100462,0.01591777882100462,0.005114236495644502,0.005114236495644502,0.00044257261725358377,0.00044257261725358377,-0.023636271899404898,0.023636271899404898,1254.1,1297,131,530,1038,601,5.67962962962963,3.803524439837334,7.449166733115382,0.9401164181484732,4.313053185551392,9.307870185790607,7.595359186268278,3.7047043865225686,4.702916666666667,3.497298156389066,0.6150667514303879,8.410680228862049,-0.14619245315289664,-0.14619245315289664,0.6083487990288234,-0.6083487990288234,0.9767129629629627,-0.9767129629629627,0.3062262834482681,-0.3062262834482681,0.32504966671808533,-0.32504966671808533,0.8971899569285586,-0.8971899569285586,-0.32762612371063204,-1.5169845491785952,0.39831004295680256,0.5031749458389335,0.5316920229849036,0.8947672462711236,0.40122385122657367,0.2927295666303391,-0.08105811224095194,0.9783831995595933,-0.6948038157119991,-0.6998946483836662,0.08592493555460096,0.08740486233513424,Balanced Strong,"BB_9(+0.98), SO_PA(+0.89), R_PA(+0.53)","BB_HBP_PA(-1.52), H_9(-0.70), HR_9(-0.69)"
2021,키움,5653,4874,722,1262,244,28,91,1835,671,97,26,595,93,1053,93,35,56,5606,0.1217052892269591,0.1862727755174243,0.0160976472669379,0.2589249076733689,0.3470986116055535,0.3764874846122281,0.1175625769388592,0.1277197947992216,0.2071466477976296,0.0164514417123651,0.3560115190784737,0.1247778172769285,0.1162162162162162,0.0188410949164592,0.1277995023107003,0.1861002488446498,-0.008912907472920228,-0.008912907472920228,-0.0030725280499693947,-0.0030725280499693947,0.0013463607226430058,0.0013463607226430058,-0.002743447649521301,-0.002743447649521301,-7.970751147870492e-05,-7.970751147870492e-05,0.00017252667277450895,-0.00017252667277450895,1256.1,1281,101,566,900,606,5.894333333333334,4.055409601146406,6.448531167900645,0.7236684977310724,4.342010986386435,9.178409362311918,7.595359186268278,3.7047043865225686,4.702916666666667,3.497298156389066,0.6150667514303879,8.410680228862049,-1.146828018367633,-1.146828018367633,0.6373065998638663,-0.6373065998638663,1.191416666666667,-1.191416666666667,0.5581114447573396,-0.5581114447573396,0.10860174630068453,-0.10860174630068453,0.767729133449869,-0.767729133449869,0.10884009040280752,0.34599625059456857,-0.27285130595211654,-0.687256691663832,0.479604705698319,-0.1998663680092966,-2.182720661306323,0.24020909006604202,-0.44857283144546756,0.35885169538696166,0.6516787538827608,-0.42230299406924765,0.04536393464644706,-0.2743105338375852,Offense-driven,"HR_9(+0.65), R_PA(+0.48), BB_9(+0.36)","K_9(-2.18), HR_PA(-0.69), FIP(-0.45)"
2021,한화,5495,4685,599,1111,213,17,80,1598,554,109,56,633,74,1286,110,54,49,5432,0.1286624203821656,0.2340309372156506,0.0145586897179253,0.2371398078975453,0.3341297555596397,0.3410885805763073,0.103948772678762,0.1090081892629663,0.1876251137397634,0.0200181983621474,0.3560115190784737,0.1247778172769285,0.1162162162162162,0.0188410949164592,0.1277995023107003,0.1861002488446498,-0.02188176351883403,-0.02188176351883403,0.003884603105237111,0.003884603105237111,-0.012267443537454195,-0.012267443537454195,-0.004282405198533899,-0.004282405198533899,-0.018791313047734,-0.018791313047734,0.04793068837100081,-0.04793068837100081,1248.4,1204,115,670,1011,650,6.0296875,4.830182633771227,7.288529317526433,0.8290611983338673,4.68599807753925,8.679910285165011,7.595359186268278,3.7047043865225686,4.702916666666667,3.497298156389066,0.6150667514303879,8.410680228862049,-0.30682986874184515,-0.30682986874184515,0.9812936910166816,-0.9812936910166816,1.3267708333333328,-1.3267708333333328,1.3328844773821613,-1.3328844773821613,0.21399444690347935,-0.21399444690347935,0.2692300563029626,-0.2692300563029626,-1.5815522770949932,1.2964863494997991,-0.8999048411201305,-0.9204072893810239,-1.3865151807198088,-2.395596194217524,-0.013590675608132758,-0.3836768901652129,-0.6802625866641738,-1.546763942310233,-0.003949787387224601,0.6465854911194718,-1.1069446113560604,-0.4538645954745745,Overall Weak,"BB_HBP_PA(+1.30), H_9(+0.65), HR_9(-0.00)","SO_PA(-2.40), OBP(-1.58), BB_9(-1.55)"
2022,KIA,5703,5000,720,1361,250,19,113,1988,677,103,34,542,63,983,111,61,36,5624,0.1060845169209188,0.172365421707873,0.0198141329125021,0.2722,0.3485197659989363,0.3976,0.1254,0.1262493424513414,0.218832193582325,0.0194634402945818,0.3360287511230907,0.1107763204537398,0.1414265276926221,0.0244594115561857,0.1276143211627082,0.1905352711804324,0.012491014875845585,0.012491014875845585,-0.00469180353282099,-0.00469180353282099,-0.016026527692622083,-0.016026527692622083,-0.004645278643683599,-0.004645278643683599,-0.0013649787113668155,-0.0013649787113668155,-0.018169849472559396,0.018169849472559396,1274.3,1286,120,526,1042,599,5.451333333333333,3.7149807737581417,7.359334536608334,0.8475241308953936,4.230557953386173,9.082633602762302,7.099236641221373,3.913948646773074,5.691724137931034,3.171408743927828,0.9021512838306732,8.487161693268563,0.26009789538696104,0.26009789538696104,0.3166093066130986,-0.3166093066130986,-0.240390804597701,0.240390804597701,0.5435720298303139,-0.5435720298303139,-0.054627152935279644,0.054627152935279644,0.5954719094937388,-0.5954719094937388,1.7001615951742381,0.5814480890642618,0.5943041121192536,0.17536372934600497,1.1578010378783445,0.7543858758982859,-0.010790651572001082,-0.28884150239106027,0.3054503409715712,-0.5197920760480319,-0.7435162489334883,-0.15370160426705637,0.9776783840666214,-0.16761590719007105,Offense-driven,"OBP(+1.70), R_PA(+1.16), SO_PA(+0.75)","HR_9(-0.74), BB_9(-0.52), ERA(-0.29)"
2022,KT,5547,4864,631,1237,192,19,119,1824,588,89,34,519,49,1183,105,70,44,5464,0.1023976924463674,0.2132684333874166,0.0214530376780241,0.2543174342105263,0.3296201607012418,0.375,0.1206825657894736,0.1137551829817919,0.2015503875968992,0.0189291508923742,0.3360287511230907,0.1107763204537398,0.1414265276926221,0.0244594115561857,0.1276143211627082,0.1905352711804324,-0.0064085904218489365,-0.0064085904218489365,-0.008378628007372393,-0.008378628007372393,-0.020743961903148492,-0.020743961903148492,-0.0030063738781615987,-0.0030063738781615987,-0.013859138180916317,-0.013859138180916317,0.02273316220698421,-0.02273316220698421,1280.8,1243,92,364,1074,509,4.3048,2.5577763897564023,7.54684572142411,0.6464709556527171,3.5766708307307935,8.734384759525296,7.099236641221373,3.913948646773074,5.691724137931034,3.171408743927828,0.9021512838306732,8.487161693268563,0.4476090802027368,0.4476090802027368,-0.3372778160422807,0.3372778160422807,-1.3869241379310342,1.3869241379310342,-0.6136323541714255,0.6136323541714255,-0.25568032817795616,0.25568032817795616,0.2472230662567334,-0.2472230662567334,-0.41107419531783806,0.16531955554754552,0.13108177821850217,0.838929888118056,-0.3261700968605928,-1.3273563899804404,0.325982917082703,1.1318544122948115,0.34413240159700953,1.9299219269405135,1.0255725350960363,0.5391005354178473,-0.2083142190566498,0.8481534383520589,Pitching-driven,"BB_9(+1.93), ERA(+1.13), HR_9(+1.03)","SO_PA(-1.33), OBP(-0.41), R_PA(-0.33)"
2022,LG,5626,4926,715,1325,208,33,118,1953,674,102,46,501,103,924,109,49,46,5565,0.1073586917881265,0.1642374688944187,0.0209740490579452,0.2689809175801868,0.3459469153515064,0.3964677222898903,0.1274868047097035,0.1270885175968716,0.2145396373977959,0.0193743334518307,0.3360287511230907,0.1107763204537398,0.1414265276926221,0.0244594115561857,0.1276143211627082,0.1905352711804324,0.009918164228415682,0.009918164228415682,-0.0034176286656132926,-0.0034176286656132926,-0.013939722982918595,-0.013939722982918595,-0.0034853624982404997,-0.0034853624982404997,-0.0005258035658366189,-0.0005258035658366189,-0.026297802286013694,0.026297802286013694,1281.7,1179,94,451,1031,476,4.644137931034483,3.166887727237263,7.239603651400484,0.6600608566747288,3.342435827416712,8.278848404462822,7.099236641221373,3.913948646773074,5.691724137931034,3.171408743927828,0.9021512838306732,8.487161693268563,0.14036701017911035,0.14036701017911035,-0.5715128193563621,0.5715128193563621,-1.0475862068965514,1.0475862068965514,-0.004521016690564927,0.004521016690564927,-0.24209042715594442,0.24209042715594442,-0.20831328880574063,0.20831328880574063,1.4127537744877747,0.725263050312047,0.7992151940516634,0.6449951059343898,1.2574725440722752,1.1680547528846201,-0.22582954394127477,1.6407751430370987,0.33268372405823754,0.6404793760525428,0.9059935160375543,1.4453391852236717,1.0847475925378527,0.7385490147761116,Balanced Strong,"ERA(+1.64), H_9(+1.45), OBP(+1.41)","K_9(-0.23), FIP(+0.33), BB_9(+0.64)"
2022,NC,5585,4899,646,1260,230,15,105,1835,613,100,39,501,88,981,112,50,47,5517,0.1054610564010743,0.1756490599820949,0.018800358102059,0.2571953459889773,0.3340560072267389,0.3745662380077567,0.1173708920187793,0.1156669650850492,0.2068039391226499,0.020053715308863,0.3360287511230907,0.1107763204537398,0.1414265276926221,0.0244594115561857,0.1276143211627082,0.1905352711804324,-0.001972743896351825,-0.001972743896351825,-0.005315264052665497,-0.005315264052665497,-0.024055635673842793,-0.024055635673842793,-0.005659053454126699,-0.005659053454126699,-0.01194735607765901,-0.01194735607765901,-0.014886211198337496,0.014886211198337496,1279.9,1230,111,515,1168,559,5.125925925925926,3.621376670052347,8.213141651691538,0.7805297288850691,3.930775841862645,8.649113211969684,7.099236641221373,3.913948646773074,5.691724137931034,3.171408743927828,0.9021512838306732,8.487161693268563,1.113905010470165,1.113905010470165,0.016827195089570868,-0.016827195089570868,-0.5657982120051086,0.5657982120051086,0.4499679261245193,-0.4499679261245193,-0.12162155494560412,0.12162155494560412,0.16195151870112134,-0.16195151870112134,0.08444503898605679,0.5110786658331676,-0.19410373253136282,-0.23509737307890102,-0.09910164427211057,0.5872664316172802,1.5226627761360447,0.36249296556395966,0.31642902662801387,-0.3216392806081103,-0.15402520982816495,0.7087387459906414,0.07997884765850956,0.36828073718529386,Balanced Strong,"K_9(+1.52), H_9(+0.71), SO_PA(+0.59)","BB_9(-0.32), HR_PA(-0.24), ISO(-0.19)"
2022,SSG,5642,4893,720,1245,242,18,138,1937,682,98,39,530,95,1075,96,77,47,5550,0.1107763204537398,0.1905352711804324,0.0244594115561857,0.2544451256897609,0.3360287511230907,0.395871653382383,0.1414265276926221,0.1276143211627082,0.1962070187876639,0.0170152428216944,0.3360287511230907,0.1107763204537398,0.1414265276926221,0.0244594115561857,0.1276143211627082,0.1905352711804324,0.0,0.0,0.0,0.0,0.0,0.0,0.0,0.0,0.0,0.0,0.0,-0.0,1296.9,1223,130,457,1023,564,5.691724137931034,3.171408743927828,7.099236641221373,0.9021512838306732,3.913948646773074,8.487161693268563,7.099236641221373,3.913948646773074,5.691724137931034,3.171408743927828,0.9021512838306732,8.487161693268563,0.0,0.0,0.0,-0.0,0.0,-0.0,0.0,-0.0,0.0,-0.0,0.0,-0.0,0.30481617657594207,1.111007697105788,2.168008212864522,2.056162279000104,1.319923909139771,-0.17036127739258464,-0.4779312998224155,0.3990532930135873,0.29733996911678034,0.6309087262626392,-1.22418651661079,1.0309231863995276,1.051787135376157,0.09107319725473415,Balanced Strong,"ISO(+2.17), HR_PA(+2.06), R_PA(+1.32)","HR_9(-1.22), K_9(-0.48), SO_PA(-0.17)"
2022,두산,5510,4891,638,1249,210,12,101,1786,592,90,40,450,71,1007,116,53,45,5447,0.0945553539019963,0.1827586206896551,0.0183303085299455,0.2553670006133715,0.3243540406816932,0.3651604988754856,0.1097934982621141,0.1157894736842105,0.2083484573502722,0.0210526315789473,0.3360287511230907,0.1107763204537398,0.1414265276926221,0.0244594115561857,0.1276143211627082,0.1905352711804324,-0.011674710441397507,-0.011674710441397507,-0.016220966551743488,-0.016220966551743488,-0.031633029430508,-0.031633029430508,-0.006129103026240198,-0.006129103026240198,-0.011824847478497713,-0.011824847478497713,-0.007776650490777304,0.007776650490777304,1272.1,1336,117,555,977,634,5.134444444444444,3.9265780992060377,6.912192437701439,0.8277651128055971,4.4854964232371675,9.45208710007075,7.099236641221373,3.913948646773074,5.691724137931034,3.171408743927828,0.9021512838306732,8.487161693268563,-0.18704420351993445,-0.18704420351993445,0.5715477764640933,-0.5715477764640933,-0.5572796934865902,0.5572796934865902,0.7551693552782099,-0.7551693552782099,-0.07438617102507616,0.07438617102507616,0.9649254068021875,-0.9649254068021875,-0.9993415631900133,-0.7198380808782683,-0.9381560847645407,-0.4254128786296193,-0.0845509075574284,0.2254282097104904,-0.8138661614013257,-0.8427445080700112,0.31614162647993943,-0.967727581919617,-0.5696544969671076,-0.8886880325641585,-0.5032204720071027,-0.4896322522450382,Overall Weak,"FIP(+0.32), SO_PA(+0.23), R_PA(-0.08)","OBP(-1.00), BB_9(-0.97), ISO(-0.94)"
2022,롯데,5534,4948,605,1320,227,16,106,1897,570,61,38,417,54,991,127,73,42,5446,0.0851102276834116,0.1790748102638236,0.0191543187567762,0.2667744543249798,0.3279619117377769,0.3833872271624899,0.11661277283751,0.1093241778099024,0.2193711601011926,0.0229490422840621,0.3360287511230907,0.1107763204537398,0.1414265276926221,0.0244594115561857,0.1276143211627082,0.1905352711804324,-0.008066839385313829,-0.008066839385313829,-0.02566609277032819,-0.02566609277032819,-0.0248137548551121,-0.0248137548551121,-0.005305092799409498,-0.005305092799409498,-0.018290143352805807,-0.018290143352805807,-0.011460460916608795,0.011460460916608795,1267.8,1364,83,487,1191,631,5.327407407407407,3.457169900615239,8.454803596781828,0.5892096545196404,4.479413156649314,9.682915286322764,7.099236641221373,3.913948646773074,5.691724137931034,3.171408743927828,0.9021512838306732,8.487161693268563,1.3555669555604544,1.3555669555604544,0.5654645098762399,-0.5654645098762399,-0.364316730523627,0.364316730523627,0.2857611566874114,-0.2857611566874114,-0.31294162931103287,0.31294162931103287,1.1957535930542011,-1.1957535930542011,-0.5963137548784038,-1.785900907939807,-0.26854626227324724,-0.09178440154554657,-0.8524547011982095,0.41291425408832805,1.9566921154314716,-0.8295274378909686,0.30963138834312326,0.025974008830473475,1.529420959629451,-1.34789490271059,-0.5788567787279374,0.31615875034084207,Pitching-driven,"K_9(+1.96), HR_9(+1.53), SO_PA(+0.41)","BB_HBP_PA(-1.79), H_9(-1.35), R_PA(-0.85)"
2022,삼성,5647,5023,663,1358,241,19,103,1946,627,91,27,446,54,1029,119,83,41,5543,0.0885425889853019,0.1822206481317513,0.0182397733309722,0.2703563607405932,0.3339324227174694,0.3874178777622934,0.1170615170217002,0.1174074729945103,0.2222418983531078,0.0210731361785018,0.3360287511230907,0.1107763204537398,0.1414265276926221,0.0244594115561857,0.1276143211627082,0.1905352711804324,-0.002096328405621295,-0.002096328405621295,-0.022233731468437892,-0.022233731468437892,-0.024365010670921894,-0.024365010670921894,-0.0062196382252135,-0.0062196382252135,-0.010206848168197905,-0.010206848168197905,-0.008314623048681108,0.008314623048681108,1280.0,1370,129,478,971,620,5.455172413793103,3.3609375,6.82734375,0.90703125,4.359375,9.6328125,7.099236641221373,3.913948646773074,5.691724137931034,3.171408743927828,0.9021512838306732,8.487161693268563,-0.2718928912213734,-0.2718928912213734,0.4454263532269258,-0.4454263532269258,-0.23655172413793135,0.23655172413793135,0.18952875607217212,-0.18952875607217212,0.004879966169326733,-0.004879966169326733,1.145650806731437,-1.145650806731437,0.07063966924365626,-1.3984934018558817,-0.22448240911740636,-0.4620691233853925,0.10762402652791345,0.25280810585225383,-0.9662559795391397,-0.56872138612845,0.30532081700678687,0.22969070968942984,-1.267125870372197,-1.2482210107718785,-0.18446367962041094,-0.41003458439813534,Overall Weak,"FIP(+0.31), SO_PA(+0.25), BB_9(+0.23)","BB_HBP_PA(-1.40), HR_9(-1.27), H_9(-1.25)"
2022,키움,5655,4953,621,1250,203,33,94,1801,578,63,20,527,92,1032,89,49,34,5589,0.1094606542882404,0.1824933687002652,0.0166224580017683,0.2523722996163941,0.3333927934356047,0.3636180092873006,0.1112457096709065,0.109814323607427,0.204420866489832,0.0157382847038019,0.3360287511230907,0.1107763204537398,0.1414265276926221,0.0244594115561857,0.1276143211627082,0.1905352711804324,-0.0026359576874860347,-0.0026359576874860347,-0.001315666165499399,-0.001315666165499399,-0.0301808180217156,-0.0301808180217156,-0.007836953554417398,-0.007836953554417398,-0.017799997555281208,-0.017799997555281208,-0.008041902480167201,0.008041902480167201,1290.5,1247,96,490,1010,548,5.06,3.417280123982952,7.043781480046493,0.6695079426578845,3.821774506005424,8.696629213483146,7.099236641221373,3.913948646773074,5.691724137931034,3.171408743927828,0.9021512838306732,8.487161693268563,-0.05545516117487992,-0.05545516117487992,-0.0921741407676504,0.0921741407676504,-0.6317241379310348,0.6317241379310348,0.245871380055124,-0.245871380055124,-0.23264334117278873,0.23264334117278873,0.2094675202145826,-0.2094675202145826,0.010358799060121195,0.9625096506634112,-0.7955580689624194,-1.1168940669086773,-0.7942385229020374,0.23892810262173841,-0.5775297986934804,0.5993193950534913,0.31865325386093757,0.11041764363099019,0.8228675776663221,0.6142109732296175,-0.28484672878372247,0.31416378707439324,Pitching-driven,"BB_HBP_PA(+0.96), HR_9(+0.82), H_9(+0.61)","HR_PA(-1.12), ISO(-0.80), R_PA(-0.79)"
2022,한화,5513,4878,564,1196,217,19,88,1715,520,93,49,497,52,1264,92,45,40,5460,0.0995828042807908,0.2292762561218937,0.015962270995828,0.2451824518245182,0.319187854399122,0.3515785157851578,0.1063960639606396,0.102303645927807,0.2009795029929258,0.0166878287683656,0.3360287511230907,0.1107763204537398,0.1414265276926221,0.0244594115561857,0.1276143211627082,0.1905352711804324,-0.016840896723968712,-0.016840896723968712,-0.011193516172948989,-0.011193516172948989,-0.0350304637319825,-0.0350304637319825,-0.008497140560357698,-0.008497140560357698,-0.025310675234901214,-0.025310675234901214,0.038740984941461304,-0.038740984941461304,1260.0,1310,112,602,974,677,98.85363636363638,4.3,6.957142857142857,0.8,4.835714285714285,9.357142857142858,7.099236641221373,3.913948646773074,5.691724137931034,3.171408743927828,0.9021512838306732,8.487161693268563,-0.14209378407851592,-0.14209378407851592,0.9217656389412112,-0.9217656389412112,93.16191222570535,-93.16191222570535,1.128591256072172,-1.128591256072172,-0.10215128383067318,0.10215128383067318,0.8699811638742947,-0.8699811638742947,-1.5764455401415343,-0.15239431785226523,-1.271762739604964,-1.3841931588504204,-1.686305644827926,-2.1420680652999717,-0.7331343736805822,-1.6036603744824585,-2.8457825480623993,-1.7582334528308297,-0.3253462457176144,-0.6998070759476231,-1.4344900814433177,-1.6090961811501892,Overall Weak,"BB_HBP_PA(-0.15), HR_9(-0.33), H_9(-0.70)","FIP(-2.85), SO_PA(-2.14), BB_9(-1.76)"
2023,KIA,5607,4954,726,1365,224,21,101,1934,673,122,34,500,46,957,115,63,44,5538,0.097378277153558,0.1706795077581594,0.0180131977884786,0.2755349212757367,0.3446969696969697,0.3903916027452563,0.1148566814695196,0.1294810058855002,0.2254324950954164,0.0205100766898519,0.3612303290414878,0.1153508000703358,0.1147305879942634,0.0163530859855811,0.1348689994724811,0.1413750659398628,-0.01653335934451805,-0.01653335934451805,-0.017972522916777797,-0.017972522916777797,0.00012609347525620318,0.00012609347525620318,0.0016601118028975008,0.0016601118028975008,-0.005387993586980888,-0.005387993586980888,0.02930444181829661,-0.02930444181829661,1263.4,1244,89,564,980,584,4.712916666666667,4.017729935095773,6.98116194396074,0.6340034826658223,4.1602026278296655,8.861801488048123,6.8443994706935465,3.726940141667315,5.861515151515151,3.439713551801977,0.5184089670740251,8.868996652915078,0.13676247326719349,0.13676247326719349,0.4332624861623504,-0.4332624861623504,-1.1485984848484847,1.1485984848484847,0.5780163832937966,-0.5780163832937966,0.11559451559179723,-0.11559451559179723,-0.007195164866955039,0.007195164866955039,0.6133159067571015,-1.100015952060422,0.4076722731276707,0.4908150676845572,1.2933211981554562,0.38348841347868035,-0.11927455277435241,0.014969154071766941,0.31956203557279195,-1.0402546068278689,0.15703459883008603,0.5528392562565427,0.49940425150695017,-0.009213875770089919,Offense-driven,"R_PA(+1.29), OBP(+0.61), H_9(+0.55)","BB_HBP_PA(-1.10), BB_9(-1.04), K_9(-0.12)"
2023,KT,5649,4973,672,1316,235,14,89,1846,621,87,30,524,48,1074,96,57,47,5585,0.1012568596211718,0.19012214551248,0.0157550008851124,0.2646289965815403,0.3376251788268956,0.371204504323346,0.1065755077418057,0.1189591078066914,0.217206585236325,0.0169941582580987,0.3612303290414878,0.1153508000703358,0.1147305879942634,0.0163530859855811,0.1348689994724811,0.1413750659398628,-0.023605150214592197,-0.023605150214592197,-0.014093940449163997,-0.014093940449163997,-0.008155080252457703,-0.008155080252457703,-0.0005980851004686975,-0.0005980851004686975,-0.015909891665789697,-0.015909891665789697,0.0487470795726172,-0.0487470795726172,1281.4,1326,83,413,968,564,4.501538461538462,2.9007335726549086,6.798813797409084,0.5829561417199938,3.9612923365069457,9.31325113157484,6.8443994706935465,3.726940141667315,5.861515151515151,3.439713551801977,0.5184089670740251,8.868996652915078,-0.045585673284462835,-0.045585673284462835,0.23435219483963055,-0.23435219483963055,-1.3599766899766896,1.3599766899766896,-0.5389799791470682,0.5389799791470682,0.06454717464596871,-0.06454717464596871,0.44425447865976153,-0.44425447865976153,-0.08525086067891056,-0.43405509130550246,-0.36497939353794695,-0.21488404511231657,0.13368498502490261,-0.7407523490021939,-0.5641837792266451,0.6916025566737644,0.3206752087623529,1.8897822381014848,0.6768627373212519,-0.35156777804150824,-0.20722532878324695,0.5007759371015271,Pitching-driven,"BB_9(+1.89), ERA(+0.69), HR_9(+0.68)","SO_PA(-0.74), K_9(-0.56), BB_HBP_PA(-0.43)"
2023,LG,5687,4881,767,1364,227,27,93,1924,714,166,101,583,73,804,89,94,55,5587,0.1153508000703358,0.1413750659398628,0.0163530859855811,0.2794509321860274,0.3612303290414878,0.3941815201802909,0.1147305879942634,0.1348689994724811,0.2234921751362757,0.0156497274485669,0.3612303290414878,0.1153508000703358,0.1147305879942634,0.0163530859855811,0.1348689994724811,0.1413750659398628,0.0,0.0,0.0,0.0,0.0,0.0,0.0,0.0,0.0,0.0,0.0,-0.0,1284.7,1266,74,491,977,532,5.861515151515151,3.439713551801977,6.8443994706935465,0.5184089670740251,3.726940141667315,8.868996652915078,6.8443994706935465,3.726940141667315,5.861515151515151,3.439713551801977,0.5184089670740251,8.868996652915078,0.0,0.0,0.0,-0.0,0.0,-0.0,0.0,-0.0,0.0,-0.0,0.0,-0.0,2.2465168320040414,1.9859044664265113,0.39590747540505844,-0.02797911926256895,1.8871410995439686,2.077972898052129,-0.4529597990445823,1.488798729617448,0.31351321403923715,0.4759627748677618,1.3341631376826542,0.5384248961791419,1.5873901979646436,0.6409432977285787,Balanced Strong,"OBP(+2.25), SO_PA(+2.08), BB_HBP_PA(+1.99)","K_9(-0.45), HR_PA(-0.03), FIP(+0.31)"
2023,NC,5605,4894,679,1321,223,28,98,1894,642,111,46,493,100,1005,122,63,55,5536,0.1057983942908117,0.1793041926851026,0.0174843889384478,0.269922353902738,0.3453626849512811,0.3870044953003678,0.1170821413976297,0.1211418376449598,0.2181980374665477,0.0217662801070472,0.3612303290414878,0.1153508000703358,0.1147305879942634,0.0163530859855811,0.1348689994724811,0.1413750659398628,-0.01586764409020669,-0.01586764409020669,-0.009552405779524098,-0.009552405779524098,0.002351553403366291,0.002351553403366291,0.0011313029528666994,0.0011313029528666994,-0.013727161827521303,-0.013727161827521303,0.037929126745239794,-0.037929126745239794,1274.1,1160,99,513,1090,545,4.918571428571428,3.6237344007534738,7.699552625382624,0.6993171650576878,3.849776312691312,8.194019307746645,6.8443994706935465,3.726940141667315,5.861515151515151,3.439713551801977,0.5184089670740251,8.868996652915078,0.8551531546890772,0.8551531546890772,0.12283617102399669,-0.12283617102399669,-0.9429437229437232,0.9429437229437232,0.18402084895149695,-0.18402084895149695,0.18090819798366276,-0.18090819798366276,-0.6749773451684327,0.6749773451684327,0.6790766966024401,0.3457360728623783,0.6153125641165291,0.3255593560370972,0.374247338411924,-0.1152207884797416,1.6335189272043589,1.070946763236691,0.31847900353966885,-0.0067495112177809605,-0.5080713460965354,1.8906338694619567,0.4097544093206239,0.6153418795079135,Balanced Strong,"H_9(+1.89), K_9(+1.63), ERA(+1.07)","HR_9(-0.51), SO_PA(-0.12), BB_9(-0.01)"
2023,SSG,5630,4923,657,1279,229,16,125,1915,611,96,28,507,78,943,89,77,45,5539,0.1039076376554174,0.1674955595026643,0.0222024866785079,0.2598009343895998,0.3356744102287052,0.3889904529758277,0.1291895185862279,0.116696269982238,0.2049733570159858,0.0158081705150976,0.3612303290414878,0.1153508000703358,0.1147305879942634,0.0163530859855811,0.1348689994724811,0.1413750659398628,-0.025555918812782574,-0.025555918812782574,-0.011443162414918398,-0.011443162414918398,0.0144589305919645,0.0144589305919645,0.0058494006929268,0.0058494006929268,-0.018172729490243095,-0.018172729490243095,0.026120493562801494,-0.026120493562801494,1285.3,1354,104,612,974,626,605.822,4.285380844938925,6.820197619232864,0.7282346533883141,4.383412432895044,9.481055006613245,6.8443994706935465,3.726940141667315,5.861515151515151,3.439713551801977,0.5184089670740251,8.868996652915078,-0.0242018514606821,-0.0242018514606821,0.656472291227729,-0.656472291227729,599.9604848484848,-599.9604848484848,0.8456672931369482,-0.8456672931369482,0.209825686314289,-0.209825686314289,0.612058353698167,-0.612058353698167,-0.2779519937709932,0.021089136281979535,1.7449574032789799,1.7999911844955094,-0.11570620523597014,0.5675953468942365,-0.5120096288109357,-0.7443239367541707,-2.8460364004739866,-1.7423401764761022,-0.8025455312397254,-0.6877359579112167,0.4182895841170973,-1.4584745745088001,Offense-driven,"HR_PA(+1.80), ISO(+1.74), SO_PA(+0.57)","FIP(-2.85), BB_9(-1.74), HR_9(-0.80)"
2023,두산,5538,4859,620,1238,210,32,100,1812,565,133,48,505,76,975,90,57,41,5462,0.1049115204044781,0.176056338028169,0.0180570603105814,0.2547849351718461,0.3318737456668491,0.3729162379090348,0.1181313027371886,0.1119537739256049,0.2054893463344167,0.0162513542795232,0.3612303290414878,0.1153508000703358,0.1147305879942634,0.0163530859855811,0.1348689994724811,0.1413750659398628,-0.0293565833746387,-0.0293565833746387,-0.010439279665857698,-0.010439279665857698,0.0034007147429251927,0.0034007147429251927,0.0017039743250003014,0.0017039743250003014,-0.022915225546876195,-0.022915225546876195,0.03468127208830621,-0.03468127208830621,1278.6,1245,90,501,1013,561,5.583928571428571,3.526513374002816,7.130455185358987,0.633505396527452,3.948850305021117,8.763491318629752,6.8443994706935465,3.726940141667315,5.861515151515151,3.439713551801977,0.5184089670740251,8.868996652915078,0.2860557146654408,0.2860557146654408,0.22191016335380187,-0.22191016335380187,-0.27758658008658,0.27758658008658,0.08679982220083904,-0.08679982220083904,0.11509642945342691,-0.11509642945342691,-0.1055053342853256,0.1055053342853256,-0.653389843371402,0.19345793989614765,0.713201617560539,0.5045223502013467,-0.6383847302234695,0.0725814347616319,0.24498437609956036,0.7339266317306885,0.31497505793438646,0.2482747664430793,0.16210673746296925,0.7497879304661962,-0.13747322559625974,0.3944428441005018,Pitching-driven,"H_9(+0.75), ERA(+0.73), ISO(+0.71)","OBP(-0.65), R_PA(-0.64), SO_PA(+0.07)"
2023,롯데,5576,4871,653,1289,231,19,69,1765,608,101,42,522,51,1000,110,75,57,5492,0.1027618364418938,0.1793400286944046,0.0123744619799139,0.2646273865735988,0.3384839120159971,0.3623485937179224,0.0977212071443235,0.1171090387374462,0.2187948350071736,0.0197274031563845,0.3612303290414878,0.1153508000703358,0.1147305879942634,0.0163530859855811,0.1348689994724811,0.1413750659398628,-0.022746417025490684,-0.022746417025490684,-0.012588963628442001,-0.012588963628442001,-0.0170093808499399,-0.0170093808499399,-0.003978624005667199,-0.003978624005667199,-0.0177599607350349,-0.0177599607350349,0.03796496275454181,-0.03796496275454181,1262.6,1324,79,529,1069,582,5.337096774193548,3.770790432440995,7.6199904958023135,0.5631237129732298,4.1485822905116425,9.437668303500711,6.8443994706935465,3.726940141667315,5.861515151515151,3.439713551801977,0.5184089670740251,8.868996652915078,0.775591025108767,0.775591025108767,0.4216421488443274,-0.4216421488443274,-0.5244183773216031,0.5244183773216031,0.3310768806390181,-0.3310768806390181,0.044714745899204766,-0.044714745899204766,0.5686716505856335,-0.5686716505856335,-0.00042334258314825153,-0.1756473695893686,-1.1911050538302586,-1.271321286088832,-0.07021426142477957,-0.11729295085457245,1.4393961670015551,0.05449807098497043,0.31627493905905835,-0.3924979394149648,0.8788214353880011,-0.6008176491859286,-0.3620802335473609,0.33422968899674277,Pitching-driven,"K_9(+1.44), HR_9(+0.88), FIP(+0.32)","HR_PA(-1.27), ISO(-1.19), H_9(-0.60)"
2023,삼성,5580,4911,636,1290,208,23,88,1808,603,103,35,487,62,954,114,77,43,5498,0.0983870967741935,0.1709677419354838,0.0157706093189964,0.2626756261453879,0.334181355624205,0.3681531256363266,0.1054774994909387,0.1139784946236559,0.2154121863799283,0.0204301075268817,0.3612303290414878,0.1153508000703358,0.1147305879942634,0.0163530859855811,0.1348689994724811,0.1413750659398628,-0.027048973417282796,-0.027048973417282796,-0.016963703296142302,-0.016963703296142302,-0.009253088503324708,-0.009253088503324708,-0.0005824766665846991,-0.0005824766665846991,-0.020890504848825195,-0.020890504848825195,0.029592675995621015,-0.029592675995621015,1271.8,1414,120,464,899,656,6.45483870967742,3.2835351470356975,6.361849347381664,0.84919012423337,4.64223934580909,10.006290297216545,6.8443994706935465,3.726940141667315,5.861515151515151,3.439713551801977,0.5184089670740251,8.868996652915078,-0.4825501233118823,-0.4825501233118823,0.9152992041417747,-0.9152992041417747,0.5933235581622682,-0.5933235581622682,-0.1561784047662793,0.1561784047662793,0.330781157159345,-0.330781157159345,1.137293644301467,-1.137293644301467,-0.42543915053701864,-0.9267994770944546,-0.46742597091209337,-0.210006322568429,-0.4152368318738664,0.36682171344636477,-1.6303285091034445,-1.624775790730204,0.3103886162251884,0.8856404566710586,-2.034266049580378,-1.7399607149678553,-0.36484525274379787,-0.780760130448803,Overall Weak,"BB_9(+0.89), SO_PA(+0.37), FIP(+0.31)","HR_9(-2.03), H_9(-1.74), K_9(-1.63)"
2023,키움,5729,5062,607,1323,223,30,61,1789,576,54,11,484,74,1096,87,51,58,5667,0.097399197067551,0.1913073834875196,0.0106475824751265,0.2613591465823785,0.331278619232124,0.3534176214934808,0.0920584749111023,0.1059521731541281,0.2202827718624541,0.0151858963169837,0.3612303290414878,0.1153508000703358,0.1147305879942634,0.0163530859855811,0.1348689994724811,0.1413750659398628,-0.02995170980936379,-0.02995170980936379,-0.017951603002784797,-0.017951603002784797,-0.022672113083161097,-0.022672113083161097,-0.005705503510454599,-0.005705503510454599,-0.028916826318353003,-0.028916826318353003,0.04993231754765681,-0.04993231754765681,1278.4,1334,82,530,962,628,5.7103125,3.731226533166458,6.77252816020025,0.5772841051314143,4.421151439299123,9.391426783479348,6.8443994706935465,3.726940141667315,5.861515151515151,3.439713551801977,0.5184089670740251,8.868996652915078,-0.07187131049329665,-0.07187131049329665,0.6942112976318082,-0.6942112976318082,-0.15120265151515166,0.15120265151515166,0.2915129813644812,-0.2915129813644812,0.0588751380573892,-0.0588751380573892,0.5224301305642705,-0.5224301305642705,-0.7121777172437619,-1.0964239583240434,-1.7194503876851635,-1.810980751841784,-1.2998313189690511,-0.8092869203714367,-0.6283178147984019,-0.8727007650429643,0.3143094869461582,-0.2887163278525513,0.7346225376686197,-0.5081801721525018,-1.1825200113310066,-0.15956198067581637,Overall Weak,"HR_9(+0.73), FIP(+0.31), BB_9(-0.29)","HR_PA(-1.81), ISO(-1.72), R_PA(-1.30)"
2023,한화,5628,4906,604,1184,211,12,100,1719,568,67,22,535,88,1162,103,59,40,5556,0.1106965174129353,0.2064676616915423,0.0177683013503909,0.2413371381981247,0.3244747710540492,0.3503872808805544,0.1090501426824296,0.107320540156361,0.1926083866382373,0.0183013503909026,0.3612303290414878,0.1153508000703358,0.1147305879942634,0.0163530859855811,0.1348689994724811,0.1413750659398628,-0.03675555798743857,-0.03675555798743857,-0.004654282657400491,-0.004654282657400491,-0.005680445311833801,-0.005680445311833801,0.0014152153648098013,0.0014152153648098013,-0.0275484593161201,-0.0275484593161201,0.0650925957516795,-0.0650925957516795,1283.5,1292,101,518,1037,628,5.036333333333333,3.6322555512271135,7.271523178807947,0.7082197117257499,4.403583950136346,9.059602649006624,6.8443994706935465,3.726940141667315,5.861515151515151,3.439713551801977,0.5184089670740251,8.868996652915078,0.4271237081144008,0.4271237081144008,0.6766438084690307,-0.6766438084690307,-0.825181818181818,0.825181818181818,0.19254199942513672,-0.19254199942513672,0.18981074465172487,-0.18981074465172487,0.19060599609154671,-0.19060599609154671,-1.384276527178347,1.1867542329067744,-0.13409052752331463,0.41428356645541997,-1.1490212734091139,-1.6859067979250948,0.5891746134528877,-0.8129414137879891,0.3178588383951447,-0.029101674294116444,-0.5987282574369416,0.15657631989517376,-0.660694390907642,-0.07772308603175393,Overall Weak,"BB_HBP_PA(+1.19), K_9(+0.59), HR_PA(+0.41)","SO_PA(-1.69), OBP(-1.38), R_PA(-1.15)"
2024,KIA,5812,5124,858,1542,266,28,163,2353,812,125,44,529,59,915,119,45,53,5755,0.1011699931176875,0.1574328974535443,0.0280454232622161,0.3009367681498829,0.3694709453599306,0.4592115534738485,0.1582747853239656,0.1476256022023399,0.2372677219545767,0.020474879559532,0.3694709453599306,0.1011699931176875,0.1582747853239656,0.0280454232622161,0.1476256022023399,0.1574328974535443,0.0,0.0,0.0,0.0,0.0,0.0,0.0,0.0,0.0,0.0,0.0,-0.0,1281.4,1365,141,539,1123,643,5.621290322580645,3.785703137193694,7.88746683315124,0.9903230841267364,4.516154206336819,9.58717028250351,7.88746683315124,4.516154206336819,5.621290322580645,3.785703137193694,0.9903230841267364,9.58717028250351,0.0,0.0,0.0,-0.0,0.0,-0.0,0.0,-0.0,0.0,-0.0,0.0,-0.0,1.767781229739699,-0.6031933746923291,1.117538992165419,0.6536689725786176,1.6511322233972925,2.0740319268157834,0.4110870015134567,1.7095108513310624,0.31928182974954944,-0.17474387816671488,0.2849506927637956,0.891831151251907,1.2599841778926841,0.595719904033169,Balanced Strong,"SO_PA(+2.07), OBP(+1.77), ERA(+1.71)","BB_HBP_PA(-0.60), BB_9(-0.17), HR_9(+0.28)"
2024,KT,5808,5072,767,1413,234,16,145,2114,722,61,27,580,49,1123,112,62,45,5734,0.1082988980716253,0.1933539944903581,0.024965564738292,0.2785883280757097,0.3553776540201879,0.4167981072555205,0.1382097791798107,0.1320592286501377,0.2183195592286501,0.0192837465564738,0.3694709453599306,0.1011699931176875,0.1582747853239656,0.0280454232622161,0.1476256022023399,0.1574328974535443,-0.014093291339742686,-0.014093291339742686,0.007128904953937795,0.007128904953937795,-0.020065006144154907,-0.020065006144154907,-0.0030798585239241,-0.0030798585239241,-0.015566373552202195,-0.015566373552202195,0.03592109703681379,-0.03592109703681379,1279.2,1448,155,443,1118,732,5.464615384615385,3.1167917448405253,7.865853658536585,1.0905253283302063,5.150093808630394,10.187617260787992,7.88746683315124,4.516154206336819,5.621290322580645,3.785703137193694,0.9903230841267364,9.58717028250351,-0.021613174614655506,-0.021613174614655506,0.6339396022935748,-0.6339396022935748,-0.1566749379652599,0.1566749379652599,-0.6689113923531687,0.6689113923531687,0.1002022442034699,-0.1002022442034699,0.6004469782844808,-0.6004469782844808,0.34916553643561243,0.3892505154375336,-0.29696465186818743,-0.02564652909176096,-0.4086856608679253,-0.33051444181315814,0.3728948991280906,-0.6903161107459553,0.3207269678112084,1.5823634719351238,-0.7601644288681901,-1.1254506040663539,-0.047864419525024834,0.03404977280933304,Pitching-driven,"BB_9(+1.58), BB_HBP_PA(+0.39), K_9(+0.37)","H_9(-1.13), HR_9(-0.76), ERA(-0.69)"
2024,LG,5723,4917,808,1394,238,29,115,2035,765,171,79,616,71,968,98,46,73,5668,0.1200419360475275,0.1691420583609994,0.0200943561069369,0.2835062029692902,0.3665668486876872,0.4138702460850111,0.1303640431157209,0.1411846933426524,0.2234841866154115,0.0171238860737375,0.3694709453599306,0.1011699931176875,0.1582747853239656,0.0280454232622161,0.1476256022023399,0.1574328974535443,-0.0029040966722433947,-0.0029040966722433947,0.01887194292984,0.01887194292984,-0.027910742208244715,-0.027910742208244715,-0.007951067155279198,-0.007951067155279198,-0.006440908859687483,-0.006440908859687483,0.011709160907455107,-0.011709160907455107,1268.6,1375,126,529,1082,659,5.894,3.752956014504178,7.676178464448999,0.893898786063377,4.675232539807662,9.754847863786852,7.88746683315124,4.516154206336819,5.621290322580645,3.785703137193694,0.9903230841267364,9.58717028250351,-0.21128836870224088,-0.21128836870224088,0.159078333470843,-0.159078333470843,0.27270967741935515,-0.27270967741935515,-0.03274712268951596,0.03274712268951596,-0.09642429806335939,0.09642429806335939,0.16767758128334087,-0.16767758128334087,1.4754579523162812,2.024046653981869,-0.8500580410777294,-1.1000749515161463,0.7988399913231333,1.2902245639488246,0.037724589272491685,1.1073076250861493,0.3167664106293018,-0.08872320243862775,1.2906616206960562,0.3284959397646403,0.7390917640769559,0.528343605185724,Balanced Strong,"BB_HBP_PA(+2.02), OBP(+1.48), HR_9(+1.29)","HR_PA(-1.10), ISO(-0.85), BB_9(-0.09)"
2024,NC,5757,5009,773,1371,226,15,172,2143,737,104,33,513,128,1200,100,50,57,5699,0.1113427132186902,0.208441896821261,0.029876671877714,0.2737073268117388,0.3525495006132819,0.427829906168896,0.1541225793571571,0.134271321869029,0.2082681952405767,0.0173701580684384,0.3694709453599306,0.1011699931176875,0.1582747853239656,0.0280454232622161,0.1476256022023399,0.1574328974535443,-0.016921444746648695,-0.016921444746648695,0.010172720101002702,0.010172720101002702,-0.004152205966808514,-0.004152205966808514,0.0018312486154978998,0.0018312486154978998,-0.013354280333310903,-0.013354280333310903,0.05100899936771669,-0.05100899936771669,1267.5,1389,137,531,1061,716,5.763870967741935,3.770414201183432,7.533727810650888,0.9727810650887574,5.084023668639054,9.862721893491123,7.88746683315124,4.516154206336819,5.621290322580645,3.785703137193694,0.9903230841267364,9.58717028250351,-0.3537390225003527,-0.3537390225003527,0.5678694623022347,-0.5678694623022347,0.14258064516129032,-0.14258064516129032,-0.015288936010262155,0.015288936010262155,-0.01754201903797903,0.01754201903797903,0.2755516109876126,-0.2755516109876126,0.0644866272020839,0.8129924175820821,0.8248248794144658,1.0575821920518116,-0.11597078038187389,-1.3404936393532432,-0.21399641200192226,-0.4402025308942362,0.3179666946050623,-0.1345826518130088,0.4679149517610326,-0.0339212591974082,0.15649219291694202,0.011143550173738248,Balanced Strong,"HR_PA(+1.06), ISO(+0.82), BB_HBP_PA(+0.81)","SO_PA(-1.34), ERA(-0.44), K_9(-0.21)"
2024,SSG,5646,5000,756,1367,239,20,152,2102,724,149,39,470,77,1094,85,51,48,5586,0.0968827488487424,0.1937654976974849,0.0269217144881331,0.2734,0.3420911528150134,0.4204,0.147,0.1339001062699256,0.2151965993623804,0.0150549061282323,0.3694709453599306,0.1011699931176875,0.1582747853239656,0.0280454232622161,0.1476256022023399,0.1574328974535443,-0.02737979254491718,-0.02737979254491718,-0.004287244268945098,-0.004287244268945098,-0.011274785323965614,-0.011274785323965614,-0.0011237087740830001,-0.0011237087740830001,-0.013725495932414289,-0.013725495932414289,0.03633260024394061,-0.03633260024394061,1262.9,1341,163,630,1195,742,7.0,4.489666640272389,8.51611370654842,1.1616121624831737,5.287829598543036,9.556576134294083,7.88746683315124,4.516154206336819,5.621290322580645,3.785703137193694,0.9903230841267364,9.58717028250351,0.6286468733971802,0.6286468733971802,0.771675392206217,-0.771675392206217,1.378709677419355,-1.378709677419355,0.7039635030786946,-0.7039635030786946,0.17128907835643725,-0.17128907835643725,-0.03059414820942763,0.03059414820942763,-0.9882395213603709,-1.2000381085891643,0.3227111804085893,0.40581577293716176,-0.1650918250097158,-0.35806033055263337,1.5219532292237112,-1.2117255022391558,0.3065648894610015,-2.0239266841458057,-1.5016041632053831,0.9946162750586934,-0.3920292723170275,-0.3872468507192659,Overall Weak,"K_9(+1.52), H_9(+0.99), HR_PA(+0.41)","BB_9(-2.02), HR_9(-1.50), ERA(-1.21)"
2024,두산,5679,4974,789,1375,243,21,150,2110,743,184,50,510,81,1076,100,55,59,5614,0.1040676175382989,0.1894699771086458,0.0264131008980454,0.2764374748693204,0.3495732574679943,0.424205870526739,0.1477683956574185,0.1389329107237189,0.215706990667371,0.0176087339320302,0.3694709453599306,0.1011699931176875,0.1582747853239656,0.0280454232622161,0.1476256022023399,0.1574328974535443,-0.0198976878919363,-0.0198976878919363,0.0028976244206114082,0.0028976244206114082,-0.0105063896665471,-0.0105063896665471,-0.001632322364170699,-0.001632322364170699,-0.008692691478620979,-0.008692691478620979,0.0320370796551015,-0.0320370796551015,1278.3,1332,135,585,1083,688,5.367999999999999,4.118751466791833,7.624970664163342,0.9504811077211922,4.843933348979113,9.378080262849096,7.88746683315124,4.516154206336819,5.621290322580645,3.785703137193694,0.9903230841267364,9.58717028250351,-0.26249616898789796,-0.26249616898789796,0.327779142642294,-0.327779142642294,-0.25329032258064554,0.25329032258064554,0.33304832959813924,-0.33304832959813924,-0.03984197640554421,0.03984197640554421,-0.20909001965441476,0.20909001965441476,-0.2350988373435457,-0.1998032789191476,0.3768800378547012,0.2936323419701515,0.5008732173405955,-0.07051960141848472,-0.0527634388079851,0.46867777942086397,0.32161812865328554,-1.049600659746327,0.700504778883726,1.5942969760830703,0.11646728243516499,0.24879172782983083,Balanced Strong,"H_9(+1.59), HR_9(+0.70), R_PA(+0.50)","BB_9(-1.05), OBP(-0.24), BB_HBP_PA(-0.20)"
2024,롯데,5766,5110,800,1454,285,41,125,2196,757,104,42,494,68,1079,100,37,57,5720,0.0974679153659382,0.1871314602844259,0.0216788067984738,0.2845401174168297,0.3518938732763135,0.4297455968688845,0.1452054794520548,0.1387443635102324,0.2304890738813735,0.017343045438779,0.3694709453599306,0.1011699931176875,0.1582747853239656,0.0280454232622161,0.1476256022023399,0.1574328974535443,-0.017577072083617085,-0.017577072083617085,-0.0037020777517492998,-0.0037020777517492998,-0.013069305871910797,-0.013069305871910797,-0.0063666164637423,-0.0063666164637423,-0.008881238692107496,-0.008881238692107496,0.029698562830881597,-0.029698562830881597,1248.1,1414,137,505,1107,715,348.7882142857143,3.641535133402773,7.982533450845286,0.9879016104478808,5.1558368720455094,10.196298373527762,7.88746683315124,4.516154206336819,5.621290322580645,3.785703137193694,0.9903230841267364,9.58717028250351,0.09506661769404534,0.09506661769404534,0.6396826657086905,-0.6396826657086905,343.1669239631336,-343.1669239631336,-0.14416800379092098,0.14416800379092098,-0.00242147367885559,0.00242147367885559,0.6091280910242514,-0.6091280910242514,-0.0015081221266066641,-1.1185746947195832,0.1962045730283026,-0.7505972375132379,0.47592373754907685,0.0860199422344508,0.5790768531264382,-0.7120569175651673,-2.8460207372218913,0.20395898443424237,0.3102068013322519,-1.1546159608407918,-0.07976452326564093,-0.8920274560455709,Overall Weak,"K_9(+0.58), R_PA(+0.48), HR_9(+0.31)","FIP(-2.85), H_9(-1.15), BB_HBP_PA(-1.12)"
2024,삼성,5697,4975,770,1336,204,17,185,2129,734,113,29,531,87,1150,94,57,47,5629,0.1084781463928383,0.2018606284009127,0.0324732315253642,0.2685427135678392,0.3464539007092198,0.4279396984924623,0.1593969849246231,0.1351588555380024,0.2020361593821309,0.0164999122345093,0.3694709453599306,0.1011699931176875,0.1582747853239656,0.0280454232622161,0.1476256022023399,0.1574328974535443,-0.023017044650710805,-0.023017044650710805,0.007308153275150803,0.007308153275150803,0.0011221996006574864,0.0011221996006574864,0.004427808263148102,0.004427808263148102,-0.012466746664337502,-0.012466746664337502,0.044427730947368405,-0.044427730947368405,1278.7,1384,164,477,980,669,6.1375,3.357316024086963,6.897630405880973,1.1542973332290607,4.708688511769766,9.741143348713535,7.88746683315124,4.516154206336819,5.621290322580645,3.785703137193694,0.9903230841267364,9.58717028250351,-0.9898364272702675,-0.9898364272702675,0.1925343054329467,-0.1925343054329467,0.5162096774193552,-0.5162096774193552,-0.42838711310673094,0.42838711310673094,0.16397424910232428,-0.16397424910232428,0.1539730662100247,-0.1539730662100247,-0.5490899657702201,0.4142044041979134,1.1966496295137898,1.630297856086004,0.0014719700511776112,-0.8999457055052719,-1.338028288076481,0.9806574785001533,0.31452041568854133,0.9505503741568068,-1.4253100769161986,0.37453808706942143,0.15574627410679384,0.06778687168945008,Balanced Strong,"HR_PA(+1.63), ISO(+1.20), ERA(+0.98)","HR_9(-1.43), K_9(-1.34), SO_PA(-0.90)"
2024,키움,5532,4896,658,1306,219,24,100,1873,628,71,13,475,75,1077,94,37,49,5490,0.0994215473608098,0.1946854663774403,0.0180766449746926,0.2667483660130719,0.337761601455869,0.3825571895424836,0.1158088235294117,0.1189443239334779,0.2180043383947939,0.0169920462762111,0.3694709453599306,0.1011699931176875,0.1582747853239656,0.0280454232622161,0.1476256022023399,0.1574328974535443,-0.031709343904061604,-0.031709343904061604,-0.0017484457568777007,-0.0017484457568777007,-0.042465961794553905,-0.042465961794553905,-0.009968778287523499,-0.009968778287523499,-0.028681278268861993,-0.028681278268861993,0.037252568923896,-0.037252568923896,1265.2,1416,150,497,921,735,6.493793103448276,3.535409421435346,6.5515333544103695,1.067024976288334,5.228422383812836,10.072715776161871,7.88746683315124,4.516154206336819,5.621290322580645,3.785703137193694,0.9903230841267364,9.58717028250351,-1.3359334787408708,-1.3359334787408708,0.7122681774760169,-0.7122681774760169,0.8725027808676309,-0.8725027808676309,-0.2502937157583478,0.2502937157583478,0.0767018921615975,-0.0767018921615975,0.4855454936583605,-0.4855454936583605,-1.4240475490939732,-0.8466016288139198,-1.8761435053247082,-1.5451156699060484,-2.144113324557029,-0.41964273006487585,-1.9496077649792214,-0.9868349367410709,0.31123403988660003,0.4827317347035375,-0.5150544168332956,-0.7394237324556571,-1.4779781601764446,-0.4584895198107448,Overall Weak,"BB_9(+0.48), FIP(+0.31), SO_PA(-0.42)","R_PA(-2.14), K_9(-1.95), ISO(-1.88)"
2024,한화,5702,5005,745,1351,224,18,127,1992,698,69,41,530,85,1077,109,42,40,5650,0.1078568923184847,0.1888810943528586,0.0222728867064188,0.2699300699300699,0.3473498233215548,0.398001998001998,0.128071928071928,0.1306559102069449,0.2146615222728867,0.0191160996141704,0.3694709453599306,0.1011699931176875,0.1582747853239656,0.0280454232622161,0.1476256022023399,0.1574328974535443,-0.022121122038375796,-0.022121122038375796,0.006686899200797208,0.006686899200797208,-0.030202857252037613,-0.030202857252037613,-0.005772536555797299,-0.005772536555797299,-0.016969691995394998,-0.016969691995394998,0.0314481968993143,-0.0314481968993143,1269.3,1437,128,511,1130,709,5.831666666666667,3.6232569132592767,8.012290238714252,0.9075868588986056,5.027180335618057,10.189080595603876,7.88746683315124,4.516154206336819,5.621290322580645,3.785703137193694,0.9903230841267364,9.58717028250351,0.12482340556301175,0.12482340556301175,0.5110261292812384,-0.5110261292812384,0.21037634408602202,-0.21037634408602202,-0.16244622393441732,0.16244622393441732,-0.08273622522813084,0.08273622522813084,0.6019103131003654,-0.6019103131003654,-0.45890734999896027,0.32771709453474573,-1.0116430941146446,-0.6195627475965523,-0.5943795488447318,-0.031099984291393087,0.6316593316014217,-0.2250177361526435,0.3173413607373404,0.2519725110807732,1.147894240386205,-1.1303668726675213,-0.4301453161444036,0.2519283948543364,Pitching-driven,"HR_9(+1.15), K_9(+0.63), BB_HBP_PA(+0.33)","H_9(-1.13), ISO(-1.01), HR_PA(-0.62)"
2025,KIA,5618,4943,668,1276,232,16,144,1972,624,77,22,526,67,1210,96,43,39,5567,0.1055535777856888,0.215379138483446,0.0256318974724101,0.2581428282419583,0.3352466367713004,0.3989480072830265,0.1408051790410681,0.1189035243859024,0.2014951940192239,0.0170879316482734,0.3606586402266289,0.117492558220977,0.1315575437169581,0.0227630887760462,0.1379793381194186,0.1707231658203467,-0.025412003455328513,-0.025412003455328513,-0.011938980435288196,-0.011938980435288196,0.009247635324109993,0.009247635324109993,0.002868808696363901,0.002868808696363901,-0.01907581373351619,-0.01907581373351619,0.044655972663099314,-0.044655972663099314,1268.6,1316,110,511,1058,662,5.496764705882352,3.625256187923695,7.505912029008356,0.7803878291029482,4.696515844237743,9.33627620999527,7.628315805995919,3.8212211583738815,6.4383333333333335,3.468058389577774,0.6427562392089153,8.730183644639773,-0.12240377698756255,-0.12240377698756255,0.875294685863861,-0.875294685863861,-0.9415686274509811,0.9415686274509811,0.15719779834592096,-0.15719779834592096,0.1376315898940329,-0.1376315898940329,0.6060925653554978,-0.6060925653554978,-0.23493137085767002,-0.025239290186608,0.918382628117374,1.0182561433058066,-0.24798533331021735,-1.1288366289160778,-0.42145812294692186,-0.5766077672827153,-0.20374365978339418,0.018530648002140108,0.4586907116068724,-0.39091885386174374,-0.02290881950190999,-0.20172788010852036,Overall Weak,"HR_PA(+1.02), ISO(+0.92), HR_9(+0.46)","SO_PA(-1.13), ERA(-0.58), K_9(-0.42)"
2025,KT,5588,4845,648,1228,214,17,104,1788,613,48,24,555,80,1044,108,65,43,5511,0.1136363636363636,0.1868289191123836,0.0186113099498926,0.2534571723426213,0.3373166757197175,0.3690402476780186,0.1155830753353973,0.1159627773801002,0.2011453113815318,0.01932712956335,0.3606586402266289,0.117492558220977,0.1315575437169581,0.0227630887760462,0.1379793381194186,0.1707231658203467,-0.023341964506911395,-0.023341964506911395,-0.0038561945846133927,-0.0038561945846133927,-0.015974468381560802,-0.015974468381560802,-0.004151778826153599,-0.004151778826153599,-0.02201656073931839,-0.02201656073931839,0.016105753292036923,-0.016105753292036923,1269.4,1359,111,432,1066,581,5.1970370370370365,3.0628643453600124,7.557901370726327,0.7869859776272254,4.11926894595872,9.635260753111703,7.628315805995919,3.8212211583738815,6.4383333333333335,3.468058389577774,0.6427562392089153,8.730183644639773,-0.07041443526959146,-0.07041443526959146,0.29804778758483863,-0.29804778758483863,-1.241296296296297,1.241296296296297,-0.40519404421776173,0.40519404421776173,0.1442297384183101,-0.1442297384183101,0.9050771084719305,-0.9050771084719305,-0.0827016781490147,0.8145973534744176,-0.7853138417001988,-0.6225339864190818,-0.5182848720746883,0.6151763974096315,-0.35218317167582835,0.3776083491890731,0.304753084004276,1.3361692595467995,0.4086267463707715,-0.8497209342431903,-0.1475058972103297,0.30623872270175845,Pitching-driven,"BB_9(+1.34), BB_HBP_PA(+0.81), SO_PA(+0.62)","H_9(-0.85), ISO(-0.79), HR_PA(-0.62)"
2025,LG,5711,4918,788,1366,219,19,130,2013,732,121,49,603,68,975,99,63,59,5638,0.117492558220977,0.1707231658203467,0.0227630887760462,0.2777551850345669,0.3606586402266289,0.409312728751525,0.1315575437169581,0.1379793381194186,0.2164244440553318,0.0173349676063736,0.3606586402266289,0.117492558220977,0.1315575437169581,0.0227630887760462,0.1379793381194186,0.1707231658203467,0.0,0.0,0.0,0.0,0.0,0.0,0.0,0.0,0.0,0.0,0.0,-0.0,1274.2,1236,91,491,1080,541,6.4383333333333335,3.468058389577774,7.628315805995919,0.6427562392089153,3.8212211583738815,8.730183644639773,7.628315805995919,3.8212211583738815,6.4383333333333335,3.468058389577774,0.6427562392089153,8.730183644639773,0.0,0.0,0.0,-0.0,0.0,-0.0,0.0,-0.0,0.0,-0.0,0.0,-0.0,1.6338554363055544,1.2152727613197407,0.2937256272699713,0.34778334057164195,1.505373130900764,1.5990092420906898,-0.25835708327209006,0.8702952795824913,-1.8011423349071847,0.38683237835119333,1.5029811070854984,0.5391510654402043,1.216781013208085,-0.05654425936513269,Offense-driven,"OBP(+1.63), SO_PA(+1.60), R_PA(+1.51)","FIP(-1.80), K_9(-0.26), ISO(+0.29)"
2025,NC,5563,4810,732,1254,221,31,128,1921,684,186,64,504,136,1087,83,62,51,5495,0.1150458385763077,0.1953981664569477,0.0230091677152615,0.2607068607068607,0.3443010361752409,0.3993762993762993,0.1386694386694386,0.1315836778716519,0.2024087722451914,0.0149200071903649,0.3606586402266289,0.117492558220977,0.1315575437169581,0.0227630887760462,0.1379793381194186,0.1707231658203467,-0.01635760405138803,-0.01635760405138803,-0.002446719644669304,-0.002446719644669304,0.007111894952480491,0.007111894952480491,0.00024607893921529955,0.00024607893921529955,-0.0063956602477666935,-0.0063956602477666935,0.024675000636600997,-0.024675000636600997,1264.0,1276,145,621,1074,683,6.076333333333333,4.421677215189874,7.647151898734177,1.0324367088607596,4.863132911392405,9.085443037974684,7.628315805995919,3.8212211583738815,6.4383333333333335,3.468058389577774,0.6427562392089153,8.730183644639773,0.01883609273825826,0.01883609273825826,1.0419117530185238,-1.0419117530185238,-0.3620000000000001,0.3620000000000001,0.9536188256120997,-0.9536188256120997,0.3896804696518442,-0.3896804696518442,0.3552593933349115,-0.3552593933349115,0.43092491169066693,0.9610479368197804,0.7741181617567048,0.40529475158996786,0.9175143277957281,0.09171705720314603,-0.2332582964157528,-0.8520335707512885,-1.1869987626428071,-1.8474194194602098,-1.453749771896117,-0.00600671107279048,0.6161320482927987,-1.0270683892458603,Offense-driven,"BB_HBP_PA(+0.96), R_PA(+0.92), ISO(+0.77)","BB_9(-1.85), HR_9(-1.45), FIP(-1.19)"
2025,SSG,5517,4875,608,1249,175,14,127,1833,578,129,47,493,60,1159,90,52,37,5451,0.1002356353090447,0.2100779409099148,0.0230197571143737,0.2562051282051282,0.3297346752058554,0.376,0.1197948717948718,0.1102048214609389,0.2033713974986405,0.0163132137030995,0.3606586402266289,0.117492558220977,0.1315575437169581,0.0227630887760462,0.1379793381194186,0.1707231658203467,-0.030923965020773492,-0.030923965020773492,-0.0172569229119323,-0.0172569229119323,-0.011762671922086299,-0.011762671922086299,0.0002566683383274995,0.0002566683383274995,-0.027774516658479687,-0.027774516658479687,0.03935477508956811,-0.03935477508956811,1278.0,1164,115,508,1193,518,4.994285714285714,3.5774647887323945,8.401408450704226,0.8098591549295775,3.647887323943662,8.19718309859155,7.628315805995919,3.8212211583738815,6.4383333333333335,3.468058389577774,0.6427562392089153,8.730183644639773,0.7730926447083073,0.7730926447083073,-0.17333383443021955,0.17333383443021955,-1.4440476190476197,1.4440476190476197,0.10940639915462036,-0.10940639915462036,0.16710291572066216,-0.16710291572066216,-0.533000546048223,0.533000546048223,-0.6402784373808501,-0.5777966687041052,-0.5008164483291797,0.40776961305808396,-1.0475289131651577,-0.8050087275187434,0.7717762771527482,1.1568242134516518,0.6487266244347318,0.13050203184572998,0.2350747341523792,1.3570587633513322,-0.6064333665732451,0.6926531419819235,Pitching-driven,"H_9(+1.36), ERA(+1.16), K_9(+0.77)","R_PA(-1.05), SO_PA(-0.81), OBP(-0.64)"
2025,두산,5581,4952,647,1298,232,31,102,1898,592,144,43,469,65,1169,87,53,42,5514,0.0956817774592367,0.2094606701308009,0.0182762945708654,0.2621163166397415,0.3314037626628075,0.3832794830371567,0.1211631663974152,0.115929044974019,0.2142985128113241,0.0155886041927969,0.3606586402266289,0.117492558220977,0.1315575437169581,0.0227630887760462,0.1379793381194186,0.1707231658203467,-0.02925487756382139,-0.02925487756382139,-0.021810780761740298,-0.021810780761740298,-0.010394377319542902,-0.010394377319542902,-0.004486794205180802,-0.004486794205180802,-0.022050293145399594,-0.022050293145399594,0.038737504310454224,-0.038737504310454224,1273.7,1227,109,542,1054,612,4.769642857142857,3.829787234042553,7.447593624872419,0.7701970636727644,4.324409201538824,8.670016487398916,7.628315805995919,3.8212211583738815,6.4383333333333335,3.468058389577774,0.6427562392089153,8.730183644639773,-0.18072218112349958,-0.18072218112349958,0.5031880431649425,-0.5031880431649425,-1.6686904761904762,1.6686904761904762,0.3617288444647788,-0.3617288444647788,0.12744082446384908,-0.12744082446384908,-0.06016715724085664,0.06016715724085664,-0.5175345291708243,-1.0509623275434852,-0.4083912203931174,-0.7008308419815013,-0.5213853951007003,-0.7673022473844445,-0.4991664468307088,0.038501913805407295,1.029839792305975,-0.46066905446387113,0.5360139371069941,0.6314796407739218,-0.6256658107306997,0.2870501016456337,Pitching-driven,"FIP(+1.03), H_9(+0.63), HR_9(+0.54)","BB_HBP_PA(-1.05), SO_PA(-0.77), HR_PA(-0.70)"
2025,롯데,5682,4944,676,1318,242,26,75,1837,629,91,27,530,91,1030,123,72,45,5591,0.1092925026399155,0.1812741992256248,0.0131995776135163,0.2665857605177993,0.345632798573975,0.3715614886731391,0.1049757281553397,0.1189721928898275,0.2187609996480112,0.0216473072861668,0.3606586402266289,0.117492558220977,0.1315575437169581,0.0227630887760462,0.1379793381194186,0.1707231658203467,-0.015025841652653915,-0.015025841652653915,-0.008200055581061502,-0.008200055581061502,-0.0265818155616184,-0.0265818155616184,-0.0095635111625299,-0.0095635111625299,-0.0190071452295911,-0.0190071452295911,0.010551033405278104,-0.010551033405278104,1202.4,1282,119,539,1137,648,4.993571428571428,4.034431137724551,8.510479041916168,0.8907185628742516,4.8502994011976055,9.595808383233534,7.628315805995919,3.8212211583738815,6.4383333333333335,3.468058389577774,0.6427562392089153,8.730183644639773,0.8821632359202498,0.8821632359202498,1.029078242823724,-1.029078242823724,-1.4447619047619051,1.4447619047619051,0.5663727481467773,-0.5663727481467773,0.24796232366533622,-0.24796232366533622,0.8656247385937608,-0.8656247385937608,0.5288620934404398,0.3632512820598881,-1.5018163252234258,-1.887316595247688,-0.24167364961149168,0.9544909124468364,0.9171110638924089,-0.8308191782698521,0.6499384310098386,-0.9401331730745422,-0.37845231414899483,-0.7891799136693153,-0.18712672978831163,-0.1060594693644124,Overall Weak,"SO_PA(+0.95), K_9(+0.92), FIP(+0.65)","HR_PA(-1.89), ISO(-1.50), BB_9(-0.94)"
2025,삼성,5671,4899,775,1330,241,18,161,2090,728,98,32,564,86,1087,106,67,55,5587,0.1146182331158525,0.1916769529183565,0.0283900546640804,0.2714839763216983,0.3533190578158458,0.4266176770769544,0.1551337007552561,0.1366602010227473,0.2061364838652795,0.0186915887850467,0.3606586402266289,0.117492558220977,0.1315575437169581,0.0227630887760462,0.1379793381194186,0.1707231658203467,-0.007339582410783085,-0.007339582410783085,-0.0028743251051245033,-0.0028743251051245033,0.02357615703829799,0.02357615703829799,0.005626965888034199,0.005626965888034199,-0.00131913709667128,-0.00131913709667128,0.020953787098009824,-0.020953787098009824,1262.6,1257,132,455,1048,581,5.104827586206897,3.243307460795185,7.470299382227151,0.9409155710438778,4.141454142246159,8.960082369713291,7.628315805995919,3.8212211583738815,6.4383333333333335,3.468058389577774,0.6427562392089153,8.730183644639773,-0.15801642376876757,-0.15801642376876757,0.3202329838722777,-0.3202329838722777,-1.3335057471264369,1.3335057471264369,-0.2247509287825893,0.2247509287825893,0.29815933183496246,-0.29815933183496246,0.22989872507351805,-0.22989872507351805,1.0941059905969508,0.9166178676141438,1.8862420956318937,1.6628684470207429,1.384124295793956,0.319030367853939,-0.46891139488457856,0.3409351822865256,0.4611891103284708,0.9134056308978463,-0.7593260187517165,0.1863635526098292,1.2176524188628166,0.17316156966474228,Balanced Strong,"ISO(+1.89), HR_PA(+1.66), R_PA(+1.38)","HR_9(-0.76), K_9(-0.47), H_9(+0.19)"
2025,키움,5492,4921,580,1200,217,20,104,1769,538,82,15,437,63,1214,102,38,33,5446,0.0910415149308084,0.2210487982520029,0.0189366351056081,0.2438528754318228,0.3116978364503117,0.3594797805324121,0.1156269051005892,0.1056081573197378,0.1995630007283321,0.0185724690458849,0.3606586402266289,0.117492558220977,0.1315575437169581,0.0227630887760462,0.1379793381194186,0.1707231658203467,-0.04896080377631723,-0.04896080377631723,-0.02645104329016859,-0.02645104329016859,-0.015930638616368897,-0.015930638616368897,-0.0038264536704381014,-0.0038264536704381014,-0.03237118079968079,-0.03237118079968079,0.05032563243165622,-0.05032563243165622,1264.1,1447,146,550,937,764,5.950689655172414,3.915829443873112,6.671149434380192,1.0394747251008625,5.43944308203465,10.30219128233526,7.628315805995919,3.8212211583738815,6.4383333333333335,3.468058389577774,0.6427562392089153,8.730183644639773,-0.9571663716157266,-0.9571663716157266,1.6182219236607684,-1.6182219236607684,-0.4876436781609197,0.4876436781609197,0.4477710542953379,-0.4477710542953379,0.39671848589194714,-0.39671848589194714,1.5720076376954868,-1.5720076376954868,-1.966699094002579,-1.5331058087116631,-0.782353239479949,-0.546501844844442,-1.4700325133627918,-1.4751723387292281,-1.5337656874377465,-1.8047012326355811,-0.973840593200313,-0.662258994635406,-1.5071512676459,-1.8731488047552336,-1.4013245558120029,-1.327783341064381,Overall Weak,"HR_PA(-0.55), BB_9(-0.66), ISO(-0.78)","OBP(-1.97), H_9(-1.87), ERA(-1.80)"
2025,한화,5547,4892,689,1303,250,16,116,1933,643,101,38,439,90,1038,109,79,46,5453,0.0953668649720569,0.1871281773931855,0.0209122047953848,0.2663532297628782,0.3351015182001097,0.3951349141455437,0.1287816843826655,0.1242112853794844,0.2139895438976023,0.0196502614025599,0.3606586402266289,0.117492558220977,0.1315575437169581,0.0227630887760462,0.1379793381194186,0.1707231658203467,-0.02555712202651922,-0.02555712202651922,-0.022125693248920095,-0.022125693248920095,-0.002775859334292613,-0.002775859334292613,-0.0018508839806614004,-0.0018508839806614004,-0.013768052739934186,-0.013768052739934186,0.0164050115728388,-0.0164050115728388,1284.5,1185,102,450,1339,510,4.745217391304348,3.1529778123783574,9.381860646165824,0.714674970805761,3.573374854028805,8.302841572596341,7.628315805995919,3.8212211583738815,6.4383333333333335,3.468058389577774,0.6427562392089153,8.730183644639773,1.7535448401699059,1.7535448401699059,-0.2478463043450767,0.2478463043450767,-1.6931159420289852,1.6931159420289852,-0.31508057719941673,0.31508057719941673,0.0719187315968457,-0.0719187315968457,-0.427342072043432,0.427342072043432,-0.2456033224726735,-1.08368310614211,0.10622256234992696,-0.08478902705353027,0.2398789221345998,0.5968959655442531,2.0782128624184697,1.2799968106242885,1.0712783084504045,1.1250406929903203,0.9572921361202118,1.194922195426986,-0.059600300747200956,1.260079803154248,Pitching-driven,"K_9(+2.08), ERA(+1.28), H_9(+1.19)","BB_HBP_PA(-1.08), OBP(-0.25), HR_PA(-0.08)"
