Id,Name,Birthdate,Handedness,School,Draft,Year,Team,Age,Pos.,G,oWAR,dWAR,PA,ePA,AB,R,H,2B,3B,HR,TB,RBI,SB,CS,BB,HP,IB,SO,GDP,SH,SF,AVG,OBP,SLG,OPS,R/ePA,wRC+,WAR
10008,김선빈,1989년 12월 18일,우투우타,화순초-화순중-화순고,08 KIA 2차 6라운드 43순위,2022,KIA,33,2B,140,3.47,-0.25,587,579,505,51,145,23,0,3,177,61,13,2,65,6,0,47,14,7,3,0.287,0.373,0.35,0.723,0.127,109.9,3.22
10008,김선빈,1989년 12월 18일,우투우타,화순초-화순중-화순고,08 KIA 2차 6라운드 43순위,2023,KIA,34,2B,119,2.92,-0.21,473,465,419,41,134,16,0,0,150,48,3,1,38,5,0,26,10,8,3,0.32,0.381,0.358,0.739,0.132,114.9,2.71
10008,김선빈,1989년 12월 18일,우투우타,화순초-화순중-화순고,08 KIA 2차 6라운드 43순위,2024,KIA,35,2B,116,3.06,-0.6,466,458,423,48,139,23,0,9,189,57,5,1,30,5,0,39,13,7,0,0.329,0.38,0.447,0.827,0.156,117.4,2.46
10008,김선빈,1989년 12월 18일,우투우타,화순초-화순중-화순고,08 KIA 2차 6라운드 43순위,2025,KIA,36,2B,84,2.74,-0.63,308,306,271,31,87,18,1,3,116,46,4,0,31,3,0,35,9,2,1,0.321,0.395,0.428,0.823,0.162,136.6,2.11
10014,안치홍,1990년 07월 02일,우투우타,구리-대치중-서울고,09 KIA 2차 1라운드 1순위,2024,한화,34,DH,128,1.69,-0.31,533,531,473,64,142,21,0,13,202,66,3,2,49,6,1,70,10,1,4,0.3,0.37,0.427,0.797,0.146,107.9,1.38
10014,안치홍,1990년 07월 02일,우투우타,구리-대치중-서울고,09 KIA 2차 1라운드 1순위,2025,한화,35,DH,66,-1.37,0.03,196,191,174,9,30,4,0,2,40,18,3,0,16,1,2,39,4,4,1,0.172,0.245,0.23,0.475,0.028,22.5,-1.34
10082,이재원,1988년 02월 24일,우투우타,숭의초-상인천중-인천고,06 SK 1차,2022,SSG,34,C,105,0.29,-0.19,279,269,234,27,47,6,0,4,65,28,1,0,25,8,1,44,13,9,3,0.201,0.296,0.278,0.574,0.074,62.5,0.11
10082,이재원,1988년 02월 24일,우투우타,숭의초-상인천중-인천고,06 SK 1차,2024,한화,36,C,72,-0.22,-0.05,152,150,134,10,32,4,0,1,39,16,0,0,7,4,1,21,4,2,5,0.239,0.287,0.291,0.578,0.059,44.0,-0.28
10082,이재원,1988년 02월 24일,우투우타,숭의초-상인천중-인천고,06 SK 1차,2025,한화,37,C,98,-0.05,0.27,151,143,125,4,25,2,1,1,32,12,1,1,14,1,0,23,3,8,3,0.2,0.28,0.256,0.536,0.058,48.5,0.23
10106,최정,1987년 02월 28일,우투우타,대일초-평촌중-유신고,05 SK 1차,2022,SSG,35,3B,121,5.3,0.17,505,504,414,80,110,21,0,26,209,87,12,5,66,19,3,96,6,0,6,0.266,0.386,0.505,0.891,0.181,150.4,5.47
10106,최정,1987년 02월 28일,우투우타,대일초-평촌중-유신고,05 SK 1차,2023,SSG,36,3B,128,5.68,-0.26,552,547,471,94,140,31,0,29,258,87,7,3,59,15,6,87,12,1,6,0.297,0.388,0.548,0.936,0.189,157.6,5.42
10106,최정,1987년 02월 28일,우투우타,대일초-평촌중-유신고,05 SK 1차,2024,SSG,37,3B,129,4.79,-0.09,550,550,468,93,136,27,2,37,278,107,5,1,55,20,1,114,10,0,7,0.291,0.384,0.594,0.978,0.202,145.9,4.7
10106,최정,1987년 02월 28일,우투우타,대일초-평촌중-유신고,05 SK 1차,2025,SSG,38,DH,95,1.91,-0.5,406,402,340,54,83,12,0,23,164,63,1,0,51,12,6,94,10,0,3,0.244,0.36,0.482,0.842,0.157,126.5,1.41
10108,김강민,1982년 09월 13일,우투우타,본리초-대구중-경북고,01 SK 2차 2라운드 18순위,2022,SSG,40,CF,84,1.53,0.19,202,198,178,24,54,11,0,5,80,18,1,3,18,3,2,39,1,2,1,0.303,0.375,0.449,0.824,0.155,129.1,1.72
10108,김강민,1982년 09월 13일,우투우타,본리초-대구중-경북고,01 SK 2차 2라운드 18순위,2023,SSG,41,CF,70,0.21,-0.09,166,163,137,20,31,3,0,2,40,7,2,1,23,1,1,38,2,2,3,0.226,0.335,0.292,0.627,0.095,78.3,0.12
10108,김강민,1982년 09월 13일,우투우타,본리초-대구중-경북고,01 SK 2차 2라운드 18순위,2024,한화,42,CF,41,-0.17,0.19,87,87,76,5,17,0,0,1,20,7,0,0,8,3,0,21,1,0,0,0.224,0.322,0.263,0.585,0.08,58.8,0.02
10170,최재훈,1989년 08월 27일,우투우타,화곡초-덕수중-덕수고-방송통신대,08 두산 육성선수,2022,한화,33,C,114,1.83,0.47,437,431,364,38,81,14,0,5,110,30,1,1,44,21,0,65,17,5,2,0.223,0.339,0.302,0.641,0.105,90.9,2.3
10170,최재훈,1989년 08월 27일,우투우타,화곡초-덕수중-덕수고-방송통신대,08 두산 육성선수,2023,한화,34,C,125,3.13,0.2,417,407,327,23,81,12,0,1,96,33,1,1,56,23,1,48,9,9,2,0.248,0.392,0.294,0.686,0.131,111.6,3.33
10170,최재훈,1989년 08월 27일,우투우타,화곡초-덕수중-덕수고-방송통신대,08 두산 육성선수,2024,한화,35,C,116,1.75,0.13,348,340,280,34,72,10,0,4,94,37,0,0,33,21,0,58,10,8,6,0.257,0.371,0.336,0.707,0.131,96.6,1.88
10170,최재훈,1989년 08월 27일,우투우타,화곡초-덕수중-덕수고-방송통신대,08 두산 육성선수,2025,한화,36,C,121,3.45,-0.22,348,338,269,28,77,15,0,1,95,35,1,1,46,17,0,48,4,10,6,0.286,0.414,0.353,0.767,0.156,129.7,3.23
10182,최주환,1988년 02월 28일,우투좌타,광주학강초-광주동성중-광주동성고,06 두산 2차 6라운드 46순위,2022,SSG,34,2B,97,0.26,-0.53,333,332,298,36,63,14,2,9,108,41,0,0,29,4,2,55,5,0,2,0.211,0.288,0.362,0.65,0.093,77.5,-0.28
10182,최주환,1988년 02월 28일,우투좌타,광주학강초-광주동성중-광주동성고,06 두산 2차 6라운드 46순위,2023,SSG,35,2B,134,1.56,-0.56,478,474,426,48,100,24,0,20,184,63,0,0,44,4,4,94,6,1,3,0.235,0.31,0.432,0.742,0.12,99.3,1.0
10187,김현수,1988년 01월 12일,우투좌타,쌍문초-신일중-신일고,06 두산 육성선수,2022,LG,34,LF,141,4.67,-0.35,604,598,524,78,150,25,2,23,248,106,2,1,71,5,7,62,5,0,3,0.286,0.375,0.473,0.848,0.162,146.5,4.31
10187,김현수,1988년 01월 12일,우투좌타,쌍문초-신일중-신일고,06 두산 육성선수,2023,LG,35,DH,133,1.76,-0.07,556,555,488,53,143,22,2,6,187,88,2,1,58,1,4,53,10,1,8,0.293,0.364,0.383,0.747,0.13,114.4,1.69
10187,김현수,1988년 01월 12일,우투좌타,쌍문초-신일중-신일고,06 두산 육성선수,2024,LG,36,LF,137,1.52,-0.43,583,582,517,61,152,36,2,8,216,69,6,1,47,9,1,76,10,1,9,0.294,0.357,0.418,0.775,0.136,104.7,1.09
10187,김현수,1988년 01월 12일,우투좌타,쌍문초-신일중-신일고,06 두산 육성선수,2025,LG,37,LF,140,3.61,-0.24,552,552,483,66,144,24,0,12,204,90,4,0,64,4,1,73,10,0,1,0.298,0.384,0.422,0.806,0.156,133.1,3.36
10238,김민성,1988년 12월 17일,우투우타,고명초-잠신중-덕수정보고-영남사이버대,07 롯데 2차 2라운드 13순위,2022,LG,34,3B,92,-0.2,-0.27,157,154,140,16,29,4,0,3,42,20,0,1,10,3,0,27,4,3,1,0.207,0.273,0.3,0.573,0.066,59.4,-0.47
10238,김민성,1988년 12월 17일,우투우타,고명초-잠신중-덕수정보고-영남사이버대,07 롯데 2차 2라운드 13순위,2023,LG,35,2B,112,1.19,0.48,316,307,273,34,68,11,0,8,103,41,2,1,25,7,0,58,7,9,2,0.249,0.326,0.377,0.703,0.114,100.7,1.68
10249,오태곤,1991년 11월 18일,우투우타,쌍문초-신월중-청원고,10 롯데 3라운드 22순위,2022,SSG,31,LF,130,-0.1,0.58,295,290,263,48,61,14,1,4,89,23,11,4,15,9,1,68,3,5,3,0.232,0.293,0.338,0.631,0.087,72.5,0.48
10249,오태곤,1991년 11월 18일,우투우타,쌍문초-신월중-청원고,10 롯데 3라운드 22순위,2023,SSG,32,1B,123,0.42,-0.07,305,297,272,37,65,14,1,7,102,28,20,1,18,4,0,67,6,8,3,0.239,0.293,0.375,0.668,0.095,79.4,0.34
10249,오태곤,1991년 11월 18일,우투우타,쌍문초-신월중-청원고,10 롯데 3라운드 22순위,2024,SSG,33,1B,117,1.23,0.09,288,281,247,43,68,16,0,9,111,36,27,4,31,1,2,73,4,6,3,0.275,0.355,0.449,0.804,0.143,102.4,1.33
10249,오태곤,1991년 11월 18일,우투우타,쌍문초-신월중-청원고,10 롯데 3라운드 22순위,2025,SSG,34,1B,122,-0.26,-0.1,229,226,194,31,39,6,0,5,60,26,25,8,30,1,0,59,4,3,1,0.201,0.31,0.309,0.619,0.093,74.8,-0.36
10261,손아섭,1988년 03월 18일,우투좌타,양정초-개성중-부산고,07 롯데 2차 4라운드 29순위,2025,한화,37,DH,35,0.0,-0.05,149,147,132,18,35,9,0,1,47,17,0,1,13,1,0,26,2,2,1,0.265,0.333,0.356,0.689,0.11,91.0,-0.05
10312,이지영,1986년 02월 27일,우투우타,서화초-신흥중-제물포고-경성대,08 삼성 육성선수,2024,SSG,38,C,123,1.01,0.57,432,425,398,45,111,11,1,5,139,50,8,1,18,7,0,35,10,7,2,0.279,0.32,0.349,0.669,0.097,70.1,1.58
10312,이지영,1986년 02월 27일,우투우타,서화초-신흥중-제물포고-경성대,08 삼성 육성선수,2025,SSG,39,C,76,0.07,-0.13,216,212,197,13,47,6,1,3,64,18,2,1,11,2,0,22,8,4,2,0.239,0.283,0.325,0.608,0.073,58.6,-0.06
10344,최형우,1983년 12월 16일,우투좌타,진북초-전주동중-전주고,02 삼성 2차 6라운드 48순위,2022,KIA,39,DH,132,2.55,0.16,530,526,454,55,120,27,1,14,191,71,1,0,73,1,5,92,9,0,2,0.264,0.366,0.421,0.787,0.145,125.9,2.71
10344,최형우,1983년 12월 16일,우투좌타,진북초-전주동중-전주고,02 삼성 2차 6라운드 48순위,2023,KIA,40,DH,121,4.23,-0.38,508,508,431,64,130,27,1,17,210,81,0,0,65,8,1,83,5,0,4,0.302,0.4,0.487,0.887,0.183,159.4,3.85
10344,최형우,1983년 12월 16일,우투좌타,진북초-전주동중-전주고,02 삼성 2차 6라운드 48순위,2024,KIA,41,DH,116,1.88,-0.29,487,486,425,67,119,23,2,22,212,109,1,1,52,5,4,86,5,0,5,0.28,0.361,0.499,0.86,0.161,119.0,1.59
10344,최형우,1983년 12월 16일,우투좌타,진북초-전주동중-전주고,02 삼성 2차 6라운드 48순위,2025,KIA,42,DH,133,4.37,-0.01,549,545,469,74,144,30,1,24,248,86,1,0,67,8,8,98,9,0,5,0.307,0.399,0.529,0.928,0.186,157.6,4.37
10387,박동원,1990년 04월 07일,우투우타,양정초-개성중-개성고,09 히어로즈 2차 3라운드 19순위,2022,KIA,32,C,112,3.45,0.43,407,397,352,51,86,18,0,17,155,53,1,0,38,9,4,87,9,7,1,0.244,0.333,0.44,0.773,0.136,118.5,3.88
10387,박동원,1990년 04월 07일,우투우타,양정초-개성중-개성고,09 히어로즈 2차 3라운드 19순위,2023,LG,33,C,130,4.15,0.11,481,471,409,54,102,17,1,20,181,75,0,1,49,7,3,90,7,8,8,0.249,0.334,0.443,0.777,0.134,117.7,4.26
10387,박동원,1990년 04월 07일,우투우타,양정초-개성중-개성고,09 히어로즈 2차 3라운드 19순위,2024,LG,34,C,130,3.58,0.96,498,495,434,58,118,22,0,20,200,80,1,0,55,0,2,112,14,2,7,0.272,0.349,0.461,0.81,0.144,111.0,4.54
10387,박동원,1990년 04월 07일,우투우타,양정초-개성중-개성고,09 히어로즈 2차 3라운드 19순위,2025,LG,35,C,139,4.8,0.32,523,518,451,57,114,25,0,22,205,76,4,0,62,2,4,124,10,3,5,0.253,0.342,0.455,0.797,0.142,121.0,5.12
10459,김태군,1989년 12월 30일,우투우타,양정초-대동중-부산고-방송통신대,08 LG 2차 3라운드 17순위,2023,KIA,34,C,65,-0.08,-0.12,203,198,186,17,48,6,0,0,54,24,2,1,5,4,0,19,9,5,3,0.258,0.288,0.29,0.578,0.064,54.9,-0.2
10459,김태군,1989년 12월 30일,우투우타,양정초-대동중-부산고-방송통신대,08 LG 2차 3라운드 17순위,2024,KIA,35,C,105,0.85,0.32,270,259,235,24,62,7,0,7,90,34,0,0,12,11,0,24,14,11,1,0.264,0.328,0.383,0.711,0.115,85.3,1.16
10459,김태군,1989년 12월 30일,우투우타,양정초-대동중-부산고-방송통신대,08 LG 2차 3라운드 17순위,2025,KIA,36,C,100,1.24,0.53,274,266,236,20,61,10,1,5,88,31,0,0,17,10,1,20,9,8,3,0.258,0.331,0.373,0.704,0.111,92.3,1.77
10475,오지환,1990년 03월 12일,우투좌타,군산초-자양중-경기고,09 LG 1차,2022,LG,32,SS,142,5.96,0.56,569,565,494,75,133,16,4,25,232,87,20,7,62,7,2,107,11,3,3,0.269,0.357,0.47,0.827,0.155,139.8,6.52
10475,오지환,1990년 03월 12일,우투좌타,군산초-자양중-경기고,09 LG 1차,2023,LG,33,SS,126,4.82,0.35,502,498,422,65,113,24,3,8,167,62,16,7,64,8,0,82,4,4,4,0.268,0.371,0.396,0.767,0.144,127.0,5.17
10475,오지환,1990년 03월 12일,우투좌타,군산초-자양중-경기고,09 LG 1차,2024,LG,34,SS,108,2.77,0.33,428,426,370,67,94,24,2,10,152,59,17,4,51,4,0,106,8,2,1,0.254,0.35,0.411,0.761,0.136,104.5,3.09
10475,오지환,1990년 03월 12일,우투좌타,군산초-자양중-경기고,09 LG 1차,2025,LG,35,SS,127,2.65,0.24,472,465,419,57,106,24,1,16,180,62,9,7,37,3,0,115,4,7,6,0.253,0.314,0.43,0.744,0.12,101.9,2.89
10480,정주현,1990년 10월 13일,우투우타,울산대현초-경상중-대구고,09 LG 2차 5라운드 36순위,2023,LG,33,1B,89,0.03,-0.85,101,98,88,17,24,2,0,1,29,12,1,5,9,0,0,16,1,2,1,0.273,0.337,0.33,0.667,0.099,87.9,-0.83
10557,오선진,1989년 07월 07일,우투우타,화곡초-성남중-성남고,08 한화 2차 4라운드 26순위,2023,한화,34,SS,90,0.26,-0.29,199,196,165,17,38,6,0,0,44,14,2,0,24,5,0,34,7,3,2,0.23,0.342,0.267,0.609,0.095,80.7,-0.04
10636,김성현,1987년 03월 09일,우투우타,송정동초-충장중-광주제일고,06 SK 2차 3라운드 20순위,2022,SSG,35,2B,130,-0.34,0.28,359,339,302,38,66,9,1,2,83,37,3,3,31,3,0,36,13,20,3,0.219,0.295,0.275,0.57,0.069,57.4,-0.06
10636,김성현,1987년 03월 09일,우투우타,송정동초-충장중-광주제일고,06 SK 2차 3라운드 20순위,2023,SSG,36,2B,112,1.1,0.14,354,341,310,35,83,14,0,1,100,27,4,1,29,0,1,36,6,13,2,0.268,0.328,0.323,0.651,0.096,79.6,1.23
10636,김성현,1987년 03월 09일,우투우타,송정동초-충장중-광주제일고,06 SK 2차 3라운드 20순위,2024,SSG,37,2B,71,0.06,-0.53,167,162,141,21,32,3,1,1,40,15,2,0,16,4,0,28,7,5,1,0.227,0.321,0.284,0.605,0.085,60.3,-0.46
10636,김성현,1987년 03월 09일,우투우타,송정동초-충장중-광주제일고,06 SK 2차 3라운드 20순위,2025,SSG,38,3B,59,0.09,-0.15,137,133,115,15,25,3,0,1,31,11,1,1,16,1,0,20,4,4,1,0.217,0.316,0.27,0.586,0.083,66.2,-0.05
10659,고종욱,1989년 01월 11일,우투좌타,역삼초-대치중-경기고-한양대,11 넥센 3라운드 19순위,2022,KIA,33,DH,62,0.45,-0.14,114,113,106,13,30,7,1,2,45,14,1,0,7,0,0,21,2,1,0,0.283,0.327,0.425,0.752,0.125,108.5,0.3
10659,고종욱,1989년 01월 11일,우투좌타,역삼초-대치중-경기고-한양대,11 넥센 3라운드 19순위,2023,KIA,34,LF,114,0.7,-0.12,286,286,270,35,80,17,0,3,106,39,2,2,14,0,0,58,3,0,2,0.296,0.329,0.393,0.722,0.115,99.6,0.57
10659,고종욱,1989년 01월 11일,우투좌타,역삼초-대치중-경기고-한양대,11 넥센 3라운드 19순위,2025,KIA,36,LF,46,-0.03,0.22,123,122,115,13,34,2,0,3,45,16,2,1,5,0,1,17,2,0,3,0.296,0.317,0.391,0.708,0.1,83.9,0.18
10672,오준혁,1992년 03월 11일,우투좌타,순천북초-천안북중-북일고,11 한화 8라운드 64순위,2022,SSG,30,RF,47,-0.2,0.27,67,66,61,3,14,2,0,0,16,6,0,0,5,0,0,15,4,1,0,0.23,0.288,0.262,0.55,0.059,48.9,0.08
10684,허도환,1984년 07월 31일,우투우타,서울학동초-서울이수중-서울고-단국대,03 두산 2차 7라 56순위,2022,LG,38,C,64,0.25,-0.19,92,89,85,7,21,5,0,1,29,6,0,0,2,2,0,26,2,3,0,0.247,0.281,0.341,0.622,0.079,70.7,0.06
10684,허도환,1984년 07월 31일,우투우타,서울학동초-서울이수중-서울고-단국대,03 두산 2차 7라 56순위,2023,LG,39,C,47,-0.04,0.01,81,74,64,8,9,3,0,2,18,10,0,0,3,6,0,20,3,7,1,0.141,0.243,0.281,0.524,0.053,46.0,-0.03
10684,허도환,1984년 07월 31일,우투우타,서울학동초-서울이수중-서울고-단국대,03 두산 2차 7라 56순위,2024,LG,40,C,59,-0.18,-0.42,105,100,80,10,11,2,0,0,13,11,0,1,9,10,0,26,4,5,1,0.138,0.3,0.163,0.463,0.059,44.6,-0.61
10707,김민식,1989년 06월 28일,우투좌타,양덕초-마산중-마산고-원광대,12 SK 2라운드 11순위,2022,KIA,33,C,22,0.21,-0.25,62,61,54,7,13,2,0,1,18,6,0,0,6,0,0,12,1,1,1,0.241,0.311,0.333,0.644,0.091,78.5,-0.04
10707,김민식,1989년 06월 28일,우투좌타,양덕초-마산중-마산고-원광대,12 SK 2라운드 11순위,2022,SSG,33,C,82,0.77,0.2,204,197,168,23,36,7,1,1,48,22,0,0,26,2,1,33,3,6,2,0.214,0.323,0.286,0.609,0.089,74.6,0.97
10707,김민식,1989년 06월 28일,우투좌타,양덕초-마산중-마산고-원광대,12 SK 2라운드 11순위,2023,SSG,34,C,122,0.89,0.49,318,300,266,28,58,9,1,5,84,34,0,0,31,2,1,57,6,17,2,0.218,0.302,0.316,0.618,0.085,70.5,1.38
10707,김민식,1989년 06월 28일,우투좌타,양덕초-마산중-마산고-원광대,12 SK 2라운드 11순위,2024,SSG,35,C,45,-0.04,-0.21,126,122,106,10,22,5,0,1,30,10,0,0,16,0,0,33,2,4,0,0.208,0.311,0.283,0.594,0.079,56.5,-0.24
10753,유강남,1992년 07월 15일,우투우타,청원초-휘문중-서울고,11 LG 7라운드 50순위,2022,LG,30,C,139,2.58,0.29,469,463,416,54,106,16,0,8,146,47,0,0,34,11,1,98,9,6,2,0.255,0.326,0.351,0.677,0.106,95.7,2.87
10815,한유섬,1989년 08월 09일,우투좌타,중앙초-해운대-대천중-경남고-경성대,12 SK 9라운드 85순위,2022,SSG,33,RF,135,4.06,0.47,545,540,458,62,121,33,1,21,219,100,1,1,66,16,6,137,8,0,5,0.264,0.372,0.478,0.85,0.166,138.7,4.53
10815,한유섬,1989년 08월 09일,우투좌타,중앙초-해운대-대천중-경남고-경성대,12 SK 9라운드 85순위,2023,SSG,34,RF,109,1.47,-0.62,388,386,333,29,91,15,2,7,131,55,2,1,34,12,1,81,3,2,7,0.273,0.355,0.393,0.748,0.132,109.8,0.84
10815,한유섬,1989년 08월 09일,우투좌타,중앙초-해운대-대천중-경남고-경성대,12 SK 9라운드 85순위,2024,SSG,35,RF,132,0.45,-0.67,523,519,464,64,109,29,0,24,210,87,0,1,46,9,3,142,2,1,3,0.235,0.314,0.453,0.767,0.125,89.3,-0.22
10815,한유섬,1989년 08월 09일,우투좌타,중앙초-해운대-대천중-경남고-경성대,12 SK 9라운드 85순위,2025,SSG,36,RF,128,1.9,-0.08,511,507,455,50,124,24,0,15,193,71,1,0,46,7,3,120,6,1,2,0.273,0.347,0.424,0.771,0.134,108.4,1.82
10855,서건창,1989년 08월 22일,우투좌타,송정초-충장중-광주제일고,08 LG 신고선수,2022,LG,33,2B,77,0.25,-0.36,247,244,219,39,49,10,1,2,67,18,8,3,20,4,0,44,5,3,1,0.224,0.299,0.306,0.605,0.081,72.7,-0.11
10855,서건창,1989년 08월 22일,우투좌타,송정초-충장중-광주제일고,08 LG 신고선수,2023,LG,34,2B,44,-0.39,-0.46,126,123,110,14,22,5,2,0,31,12,3,3,10,0,0,14,5,3,3,0.2,0.26,0.282,0.542,0.053,46.1,-0.85
10855,서건창,1989년 08월 22일,우투좌타,송정초-충장중-광주제일고,08 LG 신고선수,2024,KIA,35,1B,94,1.59,-0.02,248,245,203,40,63,14,1,1,82,26,3,1,36,3,0,31,2,3,3,0.31,0.416,0.404,0.82,0.169,124.5,1.56
10894,류지혁,1994년 01월 13일,우투좌타,청원초-선린중-충암고,12 두산 4라운드 36순위,2022,KIA,28,3B,127,2.23,-0.21,477,469,405,55,111,19,2,2,140,48,8,4,56,6,0,83,6,8,2,0.274,0.369,0.346,0.715,0.126,109.6,2.02
10894,류지혁,1994년 01월 13일,우투좌타,청원초-선린중-충암고,12 두산 4라운드 36순위,2023,KIA,29,3B,66,0.6,-0.62,253,250,220,28,59,6,1,0,67,17,4,2,27,3,1,43,5,2,1,0.268,0.355,0.305,0.66,0.106,93.8,-0.02
10913,하주석,1994년 02월 25일,우투좌타,강남초-덕수중-신일고,12 한화 1라운드 1순위,2022,한화,28,SS,125,1.49,-0.58,483,481,445,50,115,18,2,5,152,58,20,6,31,3,1,126,4,1,3,0.258,0.309,0.342,0.651,0.091,79.0,0.91
10913,하주석,1994년 02월 25일,우투좌타,강남초-덕수중-신일고,12 한화 1라운드 1순위,2024,한화,30,SS,64,0.71,-0.45,151,149,137,16,40,9,1,1,54,11,1,2,10,2,0,33,1,2,0,0.292,0.349,0.394,0.743,0.127,94.7,0.26
10913,하주석,1994년 02월 25일,우투좌타,강남초-덕수중-신일고,12 한화 1라운드 1순위,2025,한화,31,SS,95,1.38,0.71,305,294,276,34,82,14,0,4,108,28,2,1,12,5,0,66,10,11,1,0.297,0.337,0.391,0.728,0.116,96.8,2.08
11099,이우성,1994년 07월 17일,우투우타,대전유천초-한밭중-대전고,13 두산 2라운드 15순위,2022,KIA,28,LF,80,0.41,-0.51,137,133,120,23,35,7,0,1,45,12,1,3,12,1,0,20,5,4,0,0.292,0.361,0.375,0.736,0.127,110.9,-0.09
11099,이우성,1994년 07월 17일,우투우타,대전유천초-한밭중-대전고,13 두산 2라운드 15순위,2023,KIA,29,RF,126,2.0,0.38,400,393,355,39,107,17,0,8,148,58,8,1,31,5,4,81,10,6,3,0.301,0.363,0.417,0.78,0.141,122.4,2.37
11099,이우성,1994년 07월 17일,우투우타,대전유천초-한밭중-대전고,13 두산 2라운드 15순위,2024,KIA,30,1B,112,0.73,-0.55,449,449,399,56,115,16,1,9,160,54,7,1,44,3,0,89,17,0,3,0.288,0.361,0.401,0.762,0.134,99.8,0.18
11099,이우성,1994년 07월 17일,우투우타,대전유천초-한밭중-대전고,13 두산 2라운드 15순위,2025,KIA,31,LF,56,-0.05,-0.47,176,176,155,11,34,10,1,2,52,15,0,0,18,2,0,37,4,0,1,0.219,0.307,0.335,0.642,0.095,80.2,-0.52
11108,이흥련,1989년 05월 16일,우투우타,상탑초-매송중-야탑고-홍익대,13 삼성 5라운드 47순위,2022,SSG,33,C,22,-0.13,0.05,55,52,45,4,6,2,0,0,8,1,0,0,5,2,0,22,2,3,0,0.133,0.25,0.178,0.428,0.031,25.3,-0.08
11119,한승택,1994년 06월 21일,우투우타,남양주-잠신중-덕수고,13 한화 3라운드 23순위,2022,KIA,28,C,66,-0.17,0.08,119,115,102,11,18,2,0,1,23,12,0,0,9,3,0,30,2,4,1,0.176,0.261,0.225,0.486,0.042,36.6,-0.1
11119,한승택,1994년 06월 21일,우투우타,남양주-잠신중-덕수고,13 한화 3라운드 23순위,2023,KIA,29,C,49,-0.44,-0.11,104,98,85,6,11,2,0,0,13,3,0,0,11,2,0,32,1,6,0,0.129,0.245,0.153,0.398,0.017,15.0,-0.55
11122,장운호,1994년 02월 20일,우투우타,중대초-배명중-배재고,13 한화 6라운드 56순위,2022,한화,28,RF,57,0.12,0.34,146,143,122,12,29,3,0,1,35,15,0,2,17,3,1,24,2,2,2,0.238,0.34,0.287,0.627,0.096,82.1,0.47
11147,이상호,1989년 02월 05일,우투우타,옥산초-경운중-상원고-영동대,10 롯데 육성선수,2022,LG,33,2B,60,-0.05,-0.2,80,77,72,9,18,2,0,0,20,5,1,2,4,1,0,6,1,3,0,0.25,0.299,0.278,0.577,0.068,60.5,-0.25
11148,강진성,1993년 10월 19일,우투우타,가동초-잠신중-경기고,12 NC 4라운드 33순위,2023,SSG,30,1B,55,0.03,0.07,142,141,131,10,34,6,1,3,51,17,0,0,6,3,0,20,2,1,1,0.26,0.305,0.389,0.694,0.105,87.8,0.1
11153,김성욱,1993년 05월 01일,우투우타,서림초-충장중-진흥고,12 NC 3라운드 32순위,2025,SSG,32,RF,47,-0.32,0.07,119,118,110,10,23,6,0,2,35,13,1,1,7,1,0,29,2,1,0,0.209,0.263,0.318,0.581,0.063,51.9,-0.26
11162,나성범,1989년 10월 03일,좌투좌타,대성초-진흥중-진흥고-연세대,12 NC 2라운드 10순위,2022,KIA,33,RF,144,6.83,0.33,649,643,563,92,180,39,2,21,286,97,6,1,64,17,6,137,7,0,5,0.32,0.402,0.508,0.91,0.186,161.8,7.16
11162,나성범,1989년 10월 03일,좌투좌타,대성초-진흥중-진흥고-연세대,12 NC 2라운드 10순위,2023,KIA,34,RF,58,3.99,-0.31,253,253,222,51,81,12,1,18,149,57,0,0,26,1,0,36,1,0,4,0.365,0.427,0.671,1.098,0.243,209.8,3.68
11162,나성범,1989년 10월 03일,좌투좌타,대성초-진흥중-진흥고-연세대,12 NC 2라운드 10순위,2024,KIA,35,RF,102,1.94,-0.16,424,422,374,51,109,17,1,21,191,80,0,0,38,4,1,98,8,0,7,0.291,0.357,0.511,0.868,0.16,118.4,1.79
11162,나성범,1989년 10월 03일,좌투좌타,대성초-진흥중-진흥고-연세대,12 NC 2라운드 10순위,2025,KIA,36,RF,82,2.23,-0.32,310,309,261,30,70,16,0,10,116,36,0,0,42,6,1,79,6,0,1,0.268,0.381,0.444,0.825,0.163,136.6,1.91
11190,박해민,1990년 02월 24일,우투좌타,영중초-양천중-신일고-한양대,12 삼성 육성선수,2022,LG,32,CF,144,3.13,1.17,636,629,570,97,165,20,8,3,210,49,24,6,44,9,0,85,4,7,6,0.289,0.347,0.368,0.715,0.118,107.0,4.3
11190,박해민,1990년 02월 24일,우투좌타,영중초-양천중-신일고-한양대,12 삼성 육성선수,2023,LG,33,CF,144,2.54,0.92,558,534,485,80,138,14,2,6,174,59,26,12,45,3,0,74,7,24,1,0.285,0.348,0.359,0.707,0.117,103.4,3.46
11190,박해민,1990년 02월 24일,우투좌타,영중초-양천중-신일고-한양대,12 삼성 육성선수,2024,LG,34,CF,144,1.5,0.59,553,548,482,72,127,16,6,6,173,56,43,13,46,11,0,101,3,5,9,0.263,0.336,0.359,0.695,0.112,86.1,2.1
11190,박해민,1990년 02월 24일,우투좌타,영중초-양천중-신일고-한양대,12 삼성 육성선수,2025,LG,35,CF,144,3.36,1.19,544,522,442,80,122,18,2,3,153,43,49,14,68,8,0,94,7,22,4,0.276,0.379,0.346,0.725,0.136,115.7,4.55
11206,이성곤,1992년 03월 25일,좌투좌타,성동초-잠신중-경기고-연세대,14 두산 2차 3라운드 32순위,2022,한화,30,1B,41,-0.34,0.21,117,117,99,6,19,5,0,0,24,5,1,1,17,0,0,32,0,0,1,0.192,0.308,0.242,0.55,0.071,61.2,-0.13
11215,채은성,1990년 02월 06일,우투우타,순천북초-순천이수중-효천고,09 LG 육성선수,2022,LG,32,1B,126,2.19,0.0,526,524,467,48,138,26,2,12,204,83,6,7,27,21,3,88,16,0,11,0.296,0.354,0.437,0.791,0.142,128.1,2.19
11215,채은성,1990년 02월 06일,우투우타,순천북초-순천이수중-효천고,09 LG 육성선수,2023,한화,33,1B,137,2.01,-0.16,596,593,521,71,137,17,0,23,223,84,0,0,52,20,8,102,16,0,3,0.263,0.351,0.428,0.779,0.138,117.0,1.85
11215,채은성,1990년 02월 06일,우투우타,순천북초-순천이수중-효천고,09 LG 육성선수,2024,한화,34,1B,124,1.36,-0.18,498,498,436,61,118,24,0,20,202,83,1,1,49,8,1,83,12,0,5,0.271,0.351,0.463,0.814,0.147,108.9,1.18
11215,채은성,1990년 02월 06일,우투우타,순천북초-순천이수중-효천고,09 LG 육성선수,2025,한화,35,1B,132,1.95,-0.57,527,520,480,54,138,27,1,19,224,88,1,2,31,13,5,96,4,3,0,0.288,0.347,0.467,0.814,0.143,118.4,1.37
11233,이창진,1991년 03월 04일,우투우타,신도초-동인천중-인천고-건국대,14 롯데 2차 6라운드 60순위,2022,KIA,31,LF,111,2.02,-0.07,404,393,346,56,104,14,0,7,139,48,3,5,41,2,0,63,7,11,4,0.301,0.374,0.402,0.776,0.14,121.7,1.94
11233,이창진,1991년 03월 04일,우투우타,신도초-동인천중-인천고-건국대,14 롯데 2차 6라운드 60순위,2023,KIA,32,LF,104,1.41,-0.01,284,282,244,35,66,11,3,4,95,29,9,2,34,2,1,44,6,2,2,0.27,0.362,0.389,0.751,0.135,117.7,1.41
11233,이창진,1991년 03월 04일,우투우타,신도초-동인천중-인천고-건국대,14 롯데 2차 6라운드 60순위,2024,KIA,33,LF,103,0.82,-0.26,247,242,191,36,50,10,0,1,63,18,4,3,45,2,0,36,6,5,4,0.262,0.401,0.33,0.731,0.144,107.0,0.55
11233,이창진,1991년 03월 04일,우투우타,신도초-동인천중-인천고-건국대,14 롯데 2차 6라운드 60순위,2025,KIA,34,LF,37,-0.37,0.27,113,112,93,11,15,3,0,1,21,9,0,2,16,2,0,22,2,1,1,0.161,0.295,0.226,0.521,0.067,56.9,-0.1
11261,박찬호,1995년 06월 05일,우투우타,신답초-건대부중-장충고,14 KIA 2차 5라운드 50순위,2022,KIA,27,SS,130,3.26,0.27,566,558,493,81,134,22,0,4,168,45,42,8,57,1,0,67,9,8,7,0.272,0.344,0.341,0.685,0.108,94.1,3.53
11261,박찬호,1995년 06월 05일,우투우타,신답초-건대부중-장충고,14 KIA 2차 5라운드 50순위,2023,KIA,28,SS,130,3.77,0.46,507,500,452,73,136,18,4,3,171,52,30,8,40,2,0,56,13,7,6,0.301,0.356,0.378,0.734,0.127,109.5,4.23
11261,박찬호,1995년 06월 05일,우투우타,신답초-건대부중-장충고,14 KIA 2차 5라운드 50순위,2024,KIA,29,SS,134,2.67,0.2,577,570,515,86,158,24,1,5,199,61,20,13,48,1,1,44,9,7,6,0.307,0.363,0.386,0.749,0.129,95.7,2.87
11261,박찬호,1995년 06월 05일,우투우타,신답초-건대부중-장충고,14 KIA 2차 5라운드 50순위,2025,KIA,30,SS,134,4.25,0.3,595,587,516,75,148,18,2,5,185,42,27,6,62,3,0,69,7,8,6,0.287,0.363,0.359,0.722,0.127,107.3,4.56
11268,노수광,1990년 08월 06일,우투좌타,유천초-청주중-청주고-건국대,13 한화 육성선수,2022,한화,32,LF,117,0.49,0.24,361,351,315,33,72,18,6,4,114,30,17,6,32,1,1,107,2,10,3,0.229,0.299,0.362,0.661,0.097,84.5,0.73
11268,노수광,1990년 08월 06일,우투좌타,유천초-청주중-청주고-건국대,13 한화 육성선수,2023,한화,33,LF,30,-0.08,0.0,94,92,77,6,17,5,0,0,22,4,2,1,13,0,0,27,3,2,2,0.221,0.326,0.286,0.612,0.091,76.7,-0.08
11298,김호령,1992년 04월 30일,우투우타,안산관산초-안산중앙중-군산상고-동국대,15 KIA 2차 10라운드 102순위,2022,KIA,30,CF,54,0.22,0.05,88,84,77,21,21,1,1,1,27,8,2,1,7,0,0,22,4,4,0,0.273,0.333,0.351,0.684,0.106,92.6,0.28
11298,김호령,1992년 04월 30일,우투우타,안산관산초-안산중앙중-군산상고-동국대,15 KIA 2차 10라운드 102순위,2023,KIA,31,CF,76,-0.35,0.55,107,104,95,16,17,7,0,0,24,6,1,0,8,1,0,38,1,3,0,0.179,0.25,0.253,0.503,0.043,37.8,0.2
11298,김호령,1992년 04월 30일,우투우타,안산관산초-안산중앙중-군산상고-동국대,15 KIA 2차 10라운드 102순위,2024,KIA,32,CF,64,-0.43,0.21,67,67,59,12,8,2,0,1,13,4,3,2,8,0,0,25,1,0,0,0.136,0.239,0.22,0.459,0.021,16.0,-0.21
11298,김호령,1992년 04월 30일,우투우타,안산관산초-안산중앙중-군산상고-동국대,15 KIA 2차 10라운드 102순위,2025,KIA,33,CF,105,2.57,0.24,381,373,332,46,94,26,3,6,144,39,12,1,34,6,0,94,4,8,1,0.283,0.359,0.434,0.793,0.146,123.2,2.82
11306,황대인,1996년 02월 10일,우투우타,군산신풍초-자양중-경기고,15 KIA 2차 1라운드 2순위,2022,KIA,26,1B,129,0.36,-0.17,524,523,476,40,122,27,0,14,191,91,0,0,36,7,2,92,20,0,5,0.256,0.315,0.401,0.716,0.113,98.8,0.19
11306,황대인,1996년 02월 10일,우투우타,군산신풍초-자양중-경기고,15 KIA 2차 1라운드 2순위,2023,KIA,27,1B,60,-0.46,0.21,199,198,174,19,37,4,0,5,56,26,0,0,18,4,2,50,6,0,3,0.213,0.296,0.322,0.618,0.081,70.5,-0.25
11306,황대인,1996년 02월 10일,우투우타,군산신풍초-자양중-경기고,15 KIA 2차 1라운드 2순위,2025,KIA,29,1B,18,-0.35,0.19,57,57,53,3,10,3,0,1,16,8,0,0,3,0,0,14,0,0,1,0.189,0.228,0.302,0.53,0.039,32.6,-0.16
11334,심우준,1995년 04월 28일,우투우타,송정동초-언북중-경기고,14 KT 2차 특별 14순위,2025,한화,30,SS,94,0.42,0.38,275,268,247,39,57,9,1,2,74,22,11,1,17,3,0,49,4,7,1,0.231,0.287,0.3,0.587,0.07,58.0,0.8
11347,안익훈,1996년 02월 12일,좌투좌타,대전신흥초-충남중-대전고,15 LG 2차 1라운드 7순위,2024,LG,28,LF,37,-0.42,0.4,56,54,49,8,9,1,0,0,10,3,2,0,4,0,0,13,2,2,1,0.184,0.241,0.204,0.445,0.01,7.8,-0.02
11414,이도윤,1996년 10월 07일,우투좌타,고명초-배재중-북일고,15 한화 2차 3라운드 24순위,2022,한화,26,SS,80,-0.62,0.05,126,122,113,9,18,7,0,1,28,8,3,2,8,0,0,30,1,4,1,0.159,0.213,0.248,0.461,0.022,18.7,-0.57
11414,이도윤,1996년 10월 07일,우투좌타,고명초-배재중-북일고,15 한화 2차 3라운드 24순위,2023,한화,27,SS,106,0.97,0.73,346,331,309,36,78,13,2,1,98,13,11,3,18,4,1,55,6,15,0,0.252,0.302,0.317,0.619,0.082,70.0,1.7
11414,이도윤,1996년 10월 07일,우투좌타,고명초-배재중-북일고,15 한화 2차 3라운드 24순위,2024,한화,28,SS,134,0.75,-0.14,374,368,336,49,93,10,3,1,112,46,6,4,26,3,0,56,5,6,3,0.277,0.332,0.333,0.665,0.098,72.4,0.61
11414,이도윤,1996년 10월 07일,우투좌타,고명초-배재중-북일고,15 한화 2차 3라운드 24순위,2025,한화,29,2B,113,0.32,0.21,277,266,250,37,65,11,3,1,85,36,1,0,11,3,1,52,5,10,3,0.26,0.296,0.34,0.636,0.08,66.5,0.53
12516,이형종,1989년 06월 07일,우투우타,화곡초-양천중-서울고,08 LG 1차,2022,LG,33,DH,26,0.08,0.19,63,62,53,3,14,3,0,0,17,7,0,0,5,1,0,10,0,1,3,0.264,0.323,0.321,0.644,0.091,83.7,0.27
12534,최원준,1997년 03월 23일,우투좌타,연현초-경원중-서울고,16 KIA 2차 1라운드 3순위,2023,KIA,26,1B,67,0.46,-0.1,274,270,239,37,61,11,2,1,79,23,13,5,31,0,0,39,5,4,0,0.255,0.341,0.331,0.672,0.109,94.2,0.36
12534,최원준,1997년 03월 23일,우투좌타,연현초-경원중-서울고,16 KIA 2차 1라운드 3순위,2024,KIA,27,CF,136,2.5,-0.26,508,501,438,75,128,23,3,9,184,56,21,9,50,8,0,66,6,7,5,0.292,0.371,0.42,0.791,0.147,110.1,2.24
12534,최원준,1997년 03월 23일,우투좌타,연현초-경원중-서울고,16 KIA 2차 1라운드 3순위,2025,KIA,28,CF,76,-0.13,-0.6,245,245,227,28,52,7,0,4,71,19,9,1,15,2,0,43,2,0,1,0.229,0.282,0.313,0.595,0.07,59.9,-0.73
12539,이진영,1997년 07월 21일,우투우타,둔촌초-선린중-선린고,16 KIA 2차 6라운드 58순위,2022,한화,25,RF,70,-0.19,-0.05,240,240,220,27,44,12,1,8,82,31,2,2,17,0,0,90,4,0,3,0.2,0.254,0.373,0.627,0.077,66.9,-0.24
12539,이진영,1997년 07월 21일,우투우타,둔촌초-선린중-선린고,16 KIA 2차 6라운드 58순위,2023,한화,26,RF,121,2.14,0.38,422,418,358,57,89,22,0,10,141,50,5,0,53,2,0,127,4,4,5,0.249,0.344,0.394,0.738,0.129,109.2,2.52
12539,이진영,1997년 07월 21일,우투우타,둔촌초-선린중-선린고,16 KIA 2차 6라운드 58순위,2024,한화,27,CF,42,-0.3,0.15,103,103,93,20,19,6,0,1,28,13,0,1,8,2,0,27,3,0,0,0.204,0.282,0.301,0.583,0.067,50.9,-0.14
12539,이진영,1997년 07월 21일,우투우타,둔촌초-선린중-선린고,16 KIA 2차 6라운드 58순위,2025,한화,28,RF,115,1.42,0.57,366,366,321,49,88,13,0,11,134,43,1,4,38,2,0,93,8,0,5,0.274,0.35,0.417,0.767,0.136,113.4,1.99
12540,김규성,1997년 03월 08일,우투좌타,갈산초-선린중-선린고,16 KIA 2차 7라운드 63순위,2022,KIA,25,2B,70,-0.08,-0.2,52,51,50,14,9,0,1,1,14,4,0,0,1,0,0,12,0,1,0,0.18,0.196,0.28,0.476,0.019,16.6,-0.29
12540,김규성,1997년 03월 08일,우투좌타,갈산초-선린중-선린고,16 KIA 2차 7라운드 63순위,2023,KIA,26,2B,99,0.33,0.2,177,172,158,29,37,6,1,2,51,11,6,2,13,1,0,43,2,5,0,0.234,0.297,0.323,0.62,0.083,71.8,0.53
12540,김규성,1997년 03월 08일,우투좌타,갈산초-선린중-선린고,16 KIA 2차 7라운드 63순위,2025,KIA,28,2B,133,0.4,0.13,222,217,193,30,45,4,0,3,58,16,5,2,21,2,0,49,1,5,1,0.233,0.313,0.301,0.614,0.087,73.1,0.53
12541,신범수,1998년 01월 25일,우투좌타,광주대성초-광주동성중-광주동성고,16 KIA 2차 8라운드 78순위,2023,KIA,25,C,36,-0.24,0.04,100,98,88,7,15,3,0,2,24,10,0,0,7,2,0,19,3,2,1,0.17,0.245,0.273,0.518,0.042,37.4,-0.2
12546,홍창기,1993년 11월 21일,우투좌타,대일초-매송중-안산공고-건국대,16 LG 2차 3라운드 27순위,2022,LG,29,RF,118,2.89,0.75,525,520,437,76,125,19,4,1,155,51,13,4,59,19,0,75,11,5,5,0.286,0.39,0.355,0.745,0.141,128.2,3.64
12546,홍창기,1993년 11월 21일,우투좌타,대일초-매송중-안산공고-건국대,16 LG 2차 3라운드 27순위,2023,LG,30,RF,141,5.96,0.93,643,638,524,109,174,35,2,1,216,65,23,23,88,22,3,83,6,3,6,0.332,0.444,0.412,0.856,0.183,161.3,6.89
12546,홍창기,1993년 11월 21일,우투좌타,대일초-매송중-안산공고-건국대,16 LG 2차 3라운드 27순위,2024,LG,31,RF,139,4.64,0.59,637,635,524,96,176,18,3,5,215,73,10,11,96,12,3,93,8,1,4,0.336,0.447,0.41,0.857,0.185,142.3,5.23
12546,홍창기,1993년 11월 21일,우투좌타,대일초-매송중-안산공고-건국대,16 LG 2차 3라운드 27순위,2025,LG,32,RF,51,1.09,-0.1,215,213,174,32,50,4,0,1,57,16,3,0,29,6,0,40,4,2,4,0.287,0.399,0.328,0.727,0.141,119.4,0.99
12583,장진혁,1993년 09월 30일,우투좌타,광주화정초-충장중-광주제일고-단국대,16 한화 2차 4라운드 39순위,2022,한화,29,RF,41,-0.14,0.31,132,131,116,11,27,2,0,2,35,17,2,1,12,0,0,28,1,1,3,0.233,0.298,0.302,0.6,0.074,63.3,0.17
12583,장진혁,1993년 09월 30일,우투좌타,광주화정초-충장중-광주제일고-단국대,16 한화 2차 4라운드 39순위,2023,한화,30,CF,68,-0.46,-0.16,178,178,162,24,36,5,1,0,43,12,5,4,15,0,0,41,3,0,1,0.222,0.287,0.265,0.552,0.061,52.6,-0.62
12583,장진혁,1993년 09월 30일,우투좌타,광주화정초-충장중-광주제일고-단국대,16 한화 2차 4라운드 39순위,2024,한화,31,CF,99,0.59,0.0,327,322,289,56,76,16,0,9,119,44,14,6,29,3,0,72,6,5,1,0.263,0.335,0.412,0.747,0.125,91.6,0.6
12585,김태연,1997년 06월 10일,우투우타,서울청구초-덕수중-야탑고,16 한화 2차 6라운드 59순위,2022,한화,25,3B,119,0.77,0.16,464,461,404,46,97,18,0,7,136,53,3,2,48,5,1,106,9,3,4,0.24,0.325,0.337,0.662,0.102,87.6,0.93
12585,김태연,1997년 06월 10일,우투우타,서울청구초-덕수중-야탑고,16 한화 2차 6라운드 59순위,2023,한화,26,1B,91,0.64,0.56,280,278,245,25,64,13,0,4,89,25,5,1,27,3,1,59,3,1,4,0.261,0.337,0.363,0.7,0.113,96.6,1.2
12585,김태연,1997년 06월 10일,우투우타,서울청구초-덕수중-야탑고,16 한화 2차 6라운드 59순위,2024,한화,27,RF,126,1.45,-0.82,472,466,413,59,120,24,0,12,180,61,5,2,45,4,0,89,9,6,4,0.291,0.363,0.436,0.799,0.145,106.5,0.63
12585,김태연,1997년 06월 10일,우투우타,서울청구초-덕수중-야탑고,16 한화 2차 6라운드 59순위,2025,한화,28,1B,120,0.07,0.43,340,334,303,40,79,15,0,3,103,20,5,3,23,8,0,62,10,6,0,0.261,0.329,0.34,0.669,0.103,85.6,0.49
12587,박상언,1997년 03월 03일,우투우타,무원초-영남중-유신고,16 한화 2차 8라운드 79순위,2022,한화,25,C,56,0.31,-0.44,151,146,134,16,30,5,1,4,49,17,0,3,11,0,0,28,2,5,1,0.224,0.281,0.366,0.647,0.087,75.5,-0.13
12587,박상언,1997년 03월 03일,우투우타,무원초-영남중-유신고,16 한화 2차 8라운드 79순위,2023,한화,26,C,86,-0.32,-0.01,161,158,145,13,29,5,1,1,39,13,1,2,10,1,0,38,6,3,2,0.2,0.253,0.269,0.522,0.045,37.9,-0.33
12587,박상언,1997년 03월 03일,우투우타,무원초-영남중-유신고,16 한화 2차 8라운드 79순위,2024,한화,27,C,27,0.5,-0.02,52,52,42,4,12,3,0,0,15,4,1,0,9,1,0,12,0,0,0,0.286,0.423,0.357,0.78,0.166,119.8,0.48
12589,김인환,1994년 01월 28일,우투좌타,화순초-화순중-화순고-성균관대,16 한화 육성선수,2022,한화,28,1B,113,0.63,0.5,429,428,398,48,104,14,0,16,166,54,2,0,24,3,2,111,4,0,4,0.261,0.305,0.417,0.722,0.111,96.2,1.13
12589,김인환,1994년 01월 28일,우투좌타,화순초-화순중-화순고-성균관대,16 한화 육성선수,2023,한화,29,1B,112,-0.35,0.18,365,365,325,34,73,16,0,7,110,42,1,0,35,2,2,91,4,0,3,0.225,0.301,0.338,0.639,0.089,75.4,-0.17
12589,김인환,1994년 01월 28일,우투좌타,화순초-화순중-화순고-성균관대,16 한화 육성선수,2024,한화,30,LF,51,-0.52,-0.41,143,143,131,11,31,2,0,1,36,7,0,0,10,2,0,32,5,0,0,0.237,0.301,0.275,0.576,0.066,48.1,-0.93
12613,안상현,1997년 01월 27일,우투우타,사파초-선린중-용마고,16 SK 2차 3라운드 26순위,2023,SSG,26,2B,58,0.08,-0.11,66,63,58,10,14,3,0,0,17,2,3,1,5,0,0,15,1,3,0,0.241,0.302,0.293,0.595,0.076,63.5,-0.03
12613,안상현,1997년 01월 27일,우투우타,사파초-선린중-용마고,16 SK 2차 3라운드 26순위,2024,SSG,27,2B,37,-0.53,-0.22,75,74,70,3,12,1,0,0,13,2,1,1,4,0,0,14,0,1,0,0.171,0.216,0.186,0.402,-0.01,-7.2,-0.75
12613,안상현,1997년 01월 27일,우투우타,사파초-선린중-용마고,16 SK 2차 3라운드 26순위,2025,SSG,28,3B,102,0.71,-0.27,289,280,258,38,68,8,2,6,98,15,17,6,18,2,0,85,2,9,2,0.264,0.314,0.38,0.694,0.105,85.0,0.45
12622,김찬형,1997년 12월 29일,우투우타,양정초-경남중-경남고,16 NC 2차 6라운드 53순위,2023,SSG,26,3B,36,0.01,-0.05,53,51,48,6,11,3,0,1,17,5,0,0,2,1,0,10,1,2,0,0.229,0.275,0.354,0.629,0.081,67.6,-0.04
12622,김찬형,1997년 12월 29일,우투우타,양정초-경남중-경남고,16 NC 2차 6라운드 53순위,2025,SSG,28,3B,44,-0.56,0.17,78,77,73,4,13,2,0,0,15,5,0,0,3,1,0,13,3,1,0,0.178,0.221,0.205,0.426,0.007,5.5,-0.39
12869,박정우,1998년 02월 01일,좌투좌타,역삼초-언북중-덕수고,17 KIA 2차 7라운드 64순위,2024,KIA,26,CF,66,0.06,0.37,69,69,65,17,20,3,1,0,25,11,0,1,4,0,0,14,3,0,0,0.308,0.348,0.385,0.733,0.121,89.2,0.43
12869,박정우,1998년 02월 01일,좌투좌타,역삼초-언북중-덕수고,17 KIA 2차 7라운드 64순위,2025,KIA,27,CF,53,0.4,0.04,75,75,62,17,17,2,0,0,19,4,2,1,10,3,0,12,1,0,0,0.274,0.4,0.306,0.706,0.138,117.1,0.45
12917,김석환,1999년 02월 28일,좌투좌타,광주서석초-광주동성중-광주동성고,17 KIA 2차 3라운드 24순위,2022,KIA,23,LF,51,-0.36,0.02,107,107,94,15,14,2,0,3,25,7,0,0,10,3,0,32,1,0,0,0.149,0.252,0.266,0.518,0.053,45.9,-0.34
12917,김석환,1999년 02월 28일,좌투좌타,광주서석초-광주동성중-광주동성고,17 KIA 2차 3라운드 24순위,2025,KIA,26,LF,47,0.31,-0.39,134,134,117,14,31,1,2,2,42,16,0,0,14,2,0,55,0,0,1,0.265,0.351,0.359,0.71,0.123,103.8,-0.08
12922,박성한,1998년 03월 30일,우투좌타,순천북초-여수중-효천고,17 SK 2차 2라운드 16순위,2022,SSG,24,SS,140,4.67,0.87,564,557,494,68,147,24,4,2,185,56,12,8,60,2,1,81,5,6,2,0.298,0.375,0.374,0.749,0.134,111.6,5.55
12922,박성한,1998년 03월 30일,우투좌타,순천북초-여수중-효천고,17 SK 2차 2라운드 16순위,2023,SSG,25,SS,128,3.29,0.37,529,521,459,53,122,19,0,9,168,47,4,1,58,1,1,56,7,7,4,0.266,0.347,0.366,0.713,0.12,99.7,3.66
12922,박성한,1998년 03월 30일,우투좌타,순천북초-여수중-효천고,17 SK 2차 2라운드 16순위,2024,SSG,26,SS,137,3.62,0.1,564,559,489,78,147,24,0,10,201,67,13,3,64,2,3,86,11,3,6,0.301,0.38,0.411,0.791,0.145,104.0,3.72
12922,박성한,1998년 03월 30일,우투좌타,순천북초-여수중-효천고,17 SK 2차 2라운드 16순위,2025,SSG,27,SS,127,4.74,0.55,538,536,452,73,124,23,2,7,172,48,5,6,79,3,1,93,6,2,2,0.274,0.384,0.381,0.765,0.149,120.8,5.28
13056,신민재,1996년 01월 21일,우투좌타,서흥초-동인천중-인천고,15 두산 육성선수,2023,LG,27,2B,122,1.02,0.24,331,314,282,47,78,5,2,0,87,28,37,17,29,1,0,34,5,17,2,0.277,0.344,0.309,0.653,0.1,87.7,1.25
13056,신민재,1996년 01월 21일,우투좌타,서흥초-동인천중-인천고,15 두산 육성선수,2024,LG,28,2B,128,3.19,-0.47,474,459,387,78,115,11,6,0,138,40,32,11,64,5,1,47,7,15,3,0.297,0.401,0.357,0.758,0.148,114.2,2.72
13056,신민재,1996년 01월 21일,우투좌타,서흥초-동인천중-인천고,15 두산 육성선수,2025,LG,29,2B,135,4.18,-0.69,538,532,463,87,145,15,7,1,177,61,15,9,62,3,0,57,7,6,4,0.313,0.395,0.382,0.777,0.151,128.8,3.49
13104,이재원,1999년 07월 17일,우투우타,석교초-경원중-서울고,18 LG 2차 2라운드 17순위,2022,LG,23,DH,85,1.46,-0.21,253,253,223,31,50,8,2,13,101,43,3,1,18,12,2,77,3,0,0,0.224,0.316,0.453,0.769,0.137,121.6,1.25
13104,이재원,1999년 07월 17일,우투우타,석교초-경원중-서울고,18 LG 2차 2라운드 17순위,2023,LG,24,LF,57,0.17,-0.13,129,128,112,15,24,5,0,4,41,18,4,2,12,2,2,40,1,0,3,0.214,0.295,0.366,0.661,0.091,80.4,0.05
13109,송찬의,1999년 02월 20일,우투우타,화곡초-선린중-선린고,18 LG 2차 7라운드 67순위,2022,LG,23,2B,33,0.3,0.12,78,78,72,8,17,4,0,3,30,10,2,1,2,3,0,24,0,0,1,0.236,0.282,0.417,0.699,0.105,96.7,0.42
13109,송찬의,1999년 02월 20일,우투우타,화곡초-선린중-선린고,18 LG 2차 7라운드 67순위,2025,LG,26,RF,66,-0.06,0.1,166,165,147,18,31,9,1,3,51,20,2,2,9,8,0,49,4,1,1,0.211,0.291,0.347,0.638,0.087,74.1,0.03
13112,문성주,1997년 02월 20일,좌투좌타,포철서초-포철중-경북고-강릉영동대,18 LG 2차 10라운드 97순위,2022,LG,25,DH,106,2.47,0.7,390,380,327,55,99,15,3,6,138,41,9,6,51,3,2,36,13,8,1,0.303,0.401,0.422,0.823,0.161,145.6,3.17
13112,문성주,1997년 02월 20일,좌투좌타,포철서초-포철중-경북고-강릉영동대,18 LG 2차 10라운드 97순위,2023,LG,26,LF,136,2.98,0.72,534,528,449,77,132,21,4,2,167,57,24,14,67,8,0,34,10,6,4,0.294,0.392,0.372,0.764,0.146,129.1,3.69
13112,문성주,1997년 02월 20일,좌투좌타,포철서초-포철중-경북고-강릉영동대,18 LG 2차 10라운드 97순위,2024,LG,27,LF,96,1.93,0.56,361,360,305,47,96,16,2,0,116,48,13,7,49,3,0,38,4,1,3,0.315,0.411,0.38,0.791,0.158,120.8,2.49
13112,문성주,1997년 02월 20일,좌투좌타,포철서초-포철중-경북고-강릉영동대,18 LG 2차 10라운드 97순위,2025,LG,28,RF,135,2.31,0.31,542,542,475,57,145,20,2,3,178,70,4,3,54,4,0,59,10,0,9,0.305,0.375,0.375,0.75,0.135,115.1,2.61
13113,한준수,1999년 02월 13일,우투좌타,광주서석초-광주동성중-광주동성고,18 KIA 1차,2023,KIA,24,C,48,0.34,0.2,94,93,86,9,22,4,0,2,32,12,0,0,7,0,0,26,2,1,0,0.256,0.312,0.372,0.684,0.104,89.2,0.54
13113,한준수,1999년 02월 13일,우투좌타,광주서석초-광주동성중-광주동성고,18 KIA 1차,2024,KIA,25,C,115,1.71,-0.12,316,316,287,39,88,22,0,7,131,41,0,0,21,2,1,48,7,0,6,0.307,0.351,0.456,0.807,0.141,105.2,1.59
13113,한준수,1999년 02월 13일,우투좌타,광주서석초-광주동성중-광주동성고,18 KIA 1차,2025,KIA,26,C,103,0.98,-0.32,276,276,244,33,55,12,1,7,90,26,0,0,26,3,1,48,4,0,3,0.225,0.304,0.369,0.673,0.1,85.3,0.66
13128,최준우,1999년 03월 25일,우투좌타,방배초-대치중-장충고,18 SK 2차 4라운드 35순위,2023,SSG,24,2B,38,0.06,0.31,69,69,60,5,16,1,0,0,17,6,0,1,8,0,0,10,3,0,1,0.267,0.348,0.283,0.631,0.096,80.1,0.37
13128,최준우,1999년 03월 25일,우투좌타,방배초-대치중-장충고,18 SK 2차 4라운드 35순위,2025,SSG,26,LF,78,-0.12,-0.17,192,189,152,17,29,0,0,3,38,22,2,0,30,3,0,47,3,3,4,0.191,0.328,0.25,0.578,0.09,73.3,-0.29
13137,정은원,2000년 01월 17일,우투좌타,상인천초-상인천중-인천고,18 한화 2차 3라운드 24순위,2022,한화,22,2B,140,3.78,-0.57,601,597,508,67,139,20,2,8,187,49,10,6,85,1,0,109,10,4,3,0.274,0.377,0.368,0.745,0.135,116.7,3.21
13137,정은원,2000년 01월 17일,우투좌타,상인천초-상인천중-인천고,18 한화 2차 3라운드 24순위,2023,한화,23,2B,122,0.86,-0.09,459,453,388,50,86,12,0,2,104,30,6,3,62,3,1,73,4,5,1,0.222,0.333,0.268,0.601,0.089,76.1,0.76
13137,정은원,2000년 01월 17일,우투좌타,상인천초-상인천중-인천고,18 한화 2차 3라운드 24순위,2024,한화,24,LF,27,-0.03,0.09,78,77,64,10,11,3,1,1,19,6,2,0,13,0,0,16,0,1,0,0.172,0.312,0.297,0.609,0.088,64.6,0.06
13138,이원석,1999년 03월 31일,우투우타,화곡초-충암중-충암고,18 한화 2차 4라운드 34순위,2023,한화,24,CF,81,-0.18,0.17,138,138,116,20,22,1,1,0,25,8,13,3,21,1,0,33,3,0,0,0.19,0.319,0.216,0.535,0.071,60.5,-0.01
13138,이원석,1999년 03월 31일,우투우타,화곡초-충암중-충암고,18 한화 2차 4라운드 34순위,2024,한화,25,CF,87,-0.23,0.03,154,152,133,26,31,4,1,0,37,13,8,2,16,2,0,32,3,2,1,0.233,0.322,0.278,0.6,0.082,61.5,-0.2
13138,이원석,1999년 03월 31일,우투우타,화곡초-충암중-충암고,18 한화 2차 4라운드 34순위,2025,한화,26,RF,129,-0.08,0.66,248,241,212,60,43,7,0,4,62,24,22,3,23,4,0,51,4,7,2,0.203,0.29,0.292,0.582,0.074,62.4,0.58
13676,권광민,1997년 12월 12일,좌투좌타,서울청구초-홍은중-장충고,22 한화 2차 5라운드 41순위,2022,한화,25,LF,32,0.09,-0.12,87,87,71,6,16,3,1,0,21,8,0,1,13,1,0,30,0,0,2,0.225,0.345,0.296,0.641,0.104,90.4,-0.03
13676,권광민,1997년 12월 12일,좌투좌타,서울청구초-홍은중-장충고,22 한화 2차 5라운드 41순위,2023,한화,26,LF,66,-0.41,-0.38,81,80,73,11,11,1,1,2,20,9,2,0,6,1,0,24,2,1,0,0.151,0.225,0.274,0.499,0.036,30.9,-0.79
13676,권광민,1997년 12월 12일,좌투좌타,서울청구초-홍은중-장충고,22 한화 2차 5라운드 41순위,2024,한화,27,LF,19,0.32,0.09,51,51,48,10,13,3,0,4,28,9,0,0,3,0,0,17,0,0,0,0.271,0.314,0.583,0.897,0.16,119.1,0.41
14124,변우혁,2000년 03월 18일,우투우타,일산초-현도중-북일고,19 한화 1차,2022,한화,22,1B,21,0.01,-0.04,61,61,61,5,16,3,0,3,28,8,0,0,0,0,0,21,3,0,0,0.262,0.262,0.459,0.721,0.103,89.0,-0.03
14124,변우혁,2000년 03월 18일,우투우타,일산초-현도중-북일고,19 한화 1차,2023,KIA,23,1B,83,0.13,-0.44,226,226,200,23,45,4,0,7,70,24,0,0,23,3,1,74,4,0,0,0.225,0.314,0.35,0.664,0.1,88.1,-0.31
14124,변우혁,2000년 03월 18일,우투우타,일산초-현도중-북일고,19 한화 1차,2024,KIA,24,1B,69,0.79,-0.04,187,187,168,22,51,9,2,5,79,21,1,0,16,2,0,48,8,0,1,0.304,0.369,0.47,0.839,0.159,119.0,0.75
14124,변우혁,2000년 03월 18일,우투우타,일산초-현도중-북일고,19 한화 1차,2025,KIA,25,3B,47,-0.49,0.39,153,153,142,11,31,7,0,0,38,17,0,0,10,1,0,47,3,0,0,0.218,0.275,0.268,0.543,0.054,45.8,-0.11
14125,노시환,2000년 12월 03일,우투우타,수영초-경남중-경남고,19 한화 2차 1라운드 3순위,2022,한화,22,3B,115,1.97,-0.03,490,490,434,55,122,24,1,6,166,59,6,2,48,4,1,95,13,0,4,0.281,0.355,0.382,0.737,0.127,109.6,1.94
14125,노시환,2000년 12월 03일,우투우타,수영초-경남중-경남고,19 한화 2차 1라운드 3순위,2023,한화,23,3B,131,6.38,0.35,595,590,514,85,153,30,1,31,278,101,2,1,74,4,5,118,13,0,3,0.298,0.388,0.541,0.929,0.188,160.0,6.74
14125,노시환,2000년 12월 03일,우투우타,수영초-경남중-경남고,19 한화 2차 1라운드 3순위,2024,한화,24,3B,136,2.58,-0.08,601,597,526,88,143,20,2,24,239,89,6,0,60,11,9,129,10,0,4,0.272,0.356,0.454,0.81,0.145,106.5,2.49
14125,노시환,2000년 12월 03일,우투우타,수영초-경남중-경남고,19 한화 2차 1라운드 3순위,2025,한화,25,3B,144,4.47,0.41,624,618,539,97,140,28,2,32,268,101,14,5,70,11,10,125,22,0,4,0.26,0.354,0.497,0.851,0.156,129.7,4.88
14126,유로결,2000년 05월 30일,우투우타,광주서림초-광주동성중-광주제일고,19 한화 2차 2라운드 13순위,2022,한화,22,LF,30,-0.75,-0.13,68,65,60,5,8,0,0,0,8,4,0,0,4,1,0,9,1,3,0,0.133,0.2,0.133,0.333,-0.017,-14.6,-0.87
14126,유로결,2000년 05월 30일,우투우타,광주서림초-광주동성중-광주제일고,19 한화 2차 2라운드 13순위,2023,한화,23,RF,27,-0.62,0.02,53,52,48,5,7,1,0,0,8,5,1,0,1,1,0,10,3,1,2,0.146,0.173,0.167,0.34,-0.029,-24.3,-0.6
14137,문보경,2000년 07월 19일,우투좌타,동대문-덕수중-신일고,19 LG 2차 3라운드 25순위,2022,LG,22,3B,126,3.79,0.47,466,460,406,52,128,22,3,9,183,56,7,0,47,1,1,56,11,5,7,0.315,0.382,0.451,0.833,0.157,141.9,4.27
14137,문보경,2000년 07월 19일,우투좌타,동대문-덕수중-신일고,19 LG 2차 3라운드 25순위,2023,LG,23,3B,131,4.45,-0.33,542,533,469,77,141,29,5,10,210,72,9,8,58,2,2,83,5,9,4,0.301,0.377,0.448,0.825,0.158,138.5,4.12
14137,문보경,2000년 07월 19일,우투좌타,동대문-덕수중-신일고,19 LG 2차 3라운드 25순위,2024,LG,24,3B,144,4.61,-0.15,602,597,519,80,156,35,3,22,263,101,7,6,65,2,3,112,14,3,13,0.301,0.372,0.507,0.879,0.169,130.4,4.46
14137,문보경,2000년 07월 19일,우투좌타,동대문-덕수중-신일고,19 LG 2차 3라운드 25순위,2025,LG,25,3B,141,4.72,-0.53,607,605,515,91,142,21,1,24,237,108,3,1,79,4,3,108,15,0,9,0.276,0.371,0.46,0.831,0.159,135.5,4.18
14140,구본혁,1997년 01월 11일,우투우타,중대초-잠신중-장충고-동국대,19 LG 2차 6라운드 55순위,2024,LG,27,SS,133,0.78,0.56,389,385,339,48,87,14,2,2,111,43,8,4,38,4,0,51,7,4,4,0.257,0.335,0.327,0.662,0.101,77.6,1.33
14140,구본혁,1997년 01월 11일,우투우타,중대초-잠신중-장충고-동국대,19 LG 2차 6라운드 55순위,2025,LG,28,3B,131,2.25,1.33,397,384,343,41,98,16,2,1,121,38,10,5,36,6,1,44,4,12,0,0.286,0.364,0.353,0.717,0.125,106.0,3.59
14147,하재훈,1990년 10월 29일,우투우타,양덕초-마산동중-용마고,19 SK 2차 2라운드 16순위,2022,SSG,32,LF,60,0.09,-0.21,114,114,107,18,23,6,1,6,49,13,1,0,4,1,0,40,0,0,2,0.215,0.246,0.458,0.704,0.098,81.7,-0.12
14147,하재훈,1990년 10월 29일,우투우타,양덕초-마산동중-용마고,19 SK 2차 2라운드 16순위,2023,SSG,33,LF,77,2.2,0.33,229,226,201,35,61,10,1,7,94,35,11,0,19,5,1,53,0,2,2,0.303,0.374,0.468,0.842,0.161,134.0,2.52
14147,하재훈,1990년 10월 29일,우투우타,양덕초-마산동중-용마고,19 SK 2차 2라운드 16순위,2024,SSG,34,RF,107,0.15,-0.85,317,315,290,40,72,19,0,10,121,36,15,2,18,2,0,90,5,2,5,0.248,0.292,0.417,0.709,0.102,73.9,-0.7
14147,하재훈,1990년 10월 29일,우투우타,양덕초-마산동중-용마고,19 SK 2차 2라운드 16순위,2025,SSG,35,RF,18,-0.44,-0.03,61,61,56,6,8,0,0,3,17,8,1,2,4,0,0,21,1,0,1,0.143,0.197,0.304,0.501,0.027,21.9,-0.48
14151,최경모,1996년 06월 17일,우투우타,본리초-경운중-경북고-홍익대,19 SK 2차 6라운드 56순위,2022,SSG,26,3B,98,0.07,0.37,75,74,73,16,22,2,0,0,24,4,2,0,1,0,0,18,1,1,0,0.301,0.311,0.329,0.64,0.081,67.1,0.44
14151,최경모,1996년 06월 17일,우투우타,본리초-경운중-경북고-홍익대,19 SK 2차 6라운드 56순위,2024,SSG,28,2B,50,-0.15,-0.04,50,43,35,12,6,0,0,0,6,0,6,3,8,0,0,7,2,7,0,0.171,0.326,0.171,0.497,0.062,45.2,-0.19
14153,채현우,1995년 11월 21일,우투우타,칠성초-경복중-상원고-송원대,19 SK 2차 8라운드 76순위,2025,SSG,30,LF,41,-0.14,0.25,52,52,48,8,9,1,1,1,15,9,2,0,3,0,0,13,1,0,1,0.188,0.231,0.313,0.544,0.045,37.4,0.11
14181,오선우,1996년 12월 13일,좌투좌타,성동초-자양중-배명고-인하대,19 KIA 2차 5라운드 50순위,2025,KIA,29,1B,124,0.95,-0.92,474,474,437,58,116,17,1,18,189,56,0,2,34,3,2,158,11,0,0,0.265,0.323,0.432,0.755,0.124,105.0,0.03
14584,현원회,2001년 07월 08일,우투우타,가동초-경상중-대구고,20 SK 2차 4라운드 40순위,2025,SSG,24,DH,21,-0.04,0.21,62,62,59,6,18,1,0,1,22,6,0,0,3,0,0,16,3,0,0,0.305,0.339,0.373,0.712,0.112,89.2,0.17
14586,류효승,1996년 07월 16일,우투우타,칠성초-경상중-상원고-성균관대,20 SK 2차 6라운드 60순위,2025,SSG,29,DH,27,0.43,-0.06,103,103,94,18,27,5,0,6,50,16,0,1,7,2,0,28,1,0,0,0.287,0.35,0.532,0.882,0.167,132.6,0.37
14587,최지훈,1997년 07월 23일,우투좌타,광주수창초-무등중-광주제일고-동국대,20 SK 2차 3라운드 30순위,2022,SSG,25,CF,144,4.58,1.3,640,627,569,93,173,32,4,10,243,61,31,7,47,7,0,77,7,13,4,0.304,0.362,0.427,0.789,0.142,118.9,5.87
14587,최지훈,1997년 07월 23일,우투좌타,광주수창초-무등중-광주제일고-동국대,20 SK 2차 3라운드 30순위,2023,SSG,26,CF,117,1.65,-0.36,503,495,462,65,124,19,8,2,165,30,21,2,29,3,0,50,3,8,1,0.268,0.315,0.357,0.672,0.101,83.4,1.3
14587,최지훈,1997년 07월 23일,우투좌타,광주수창초-무등중-광주제일고-동국대,20 SK 2차 3라운드 30순위,2024,SSG,27,CF,125,2.09,-0.27,543,537,483,89,133,22,7,11,202,49,32,5,50,2,0,71,5,6,2,0.275,0.345,0.418,0.763,0.128,92.2,1.82
14587,최지훈,1997년 07월 23일,우투좌타,광주수창초-무등중-광주제일고-동국대,20 SK 2차 3라운드 30순위,2025,SSG,28,CF,140,2.25,0.05,574,568,517,66,147,16,4,7,192,45,28,7,43,5,2,87,2,4,5,0.284,0.342,0.371,0.713,0.116,93.8,2.3
14590,손호영,1994년 08월 23일,우투우타,부곡초-평촌중-충훈고-홍익대,20 LG 2차 3라운드 23순위,2022,LG,28,2B,36,0.36,-0.31,82,81,74,13,19,0,2,3,32,14,0,3,6,0,0,14,2,1,1,0.257,0.309,0.432,0.741,0.119,108.0,0.06
14606,천성호,1997년 10월 30일,우투좌타,광주화정초-충장중-진흥고-단국대,20 KT 2차 2라운드 12순위,2025,LG,28,2B,52,0.03,-0.39,118,114,106,14,27,4,1,1,36,10,3,0,7,1,0,17,1,4,0,0.255,0.307,0.34,0.647,0.091,76.5,-0.37
14611,박민,2001년 06월 05일,우투우타,갈산초-성남중-야탑고,20 KIA 2차 1라운드 6순위,2025,KIA,24,3B,71,-0.21,0.06,105,102,94,11,19,5,0,1,27,6,1,0,5,3,0,33,1,3,0,0.202,0.265,0.287,0.552,0.055,47.0,-0.15
14612,홍종표,2000년 05월 02일,우투좌타,동막초-영남중-강릉고,20 KIA 2차 2라운드 16순위,2024,KIA,24,2B,100,0.48,-0.32,115,112,105,27,31,4,3,0,41,11,5,2,6,1,0,31,0,3,0,0.295,0.339,0.39,0.729,0.12,89.0,0.17
14612,홍종표,2000년 05월 02일,우투좌타,동막초-영남중-강릉고,20 KIA 2차 2라운드 16순위,2025,KIA,25,2B,44,-0.2,0.35,64,60,52,10,10,0,0,0,10,1,1,1,7,0,0,14,1,4,1,0.192,0.283,0.192,0.475,0.045,37.9,0.15
14699,전의산,2000년 11월 25일,우투좌타,수영초-개성중-경남고,20 SK 2차 1라운드 10순위,2022,SSG,22,1B,77,0.85,-0.35,266,264,241,36,60,15,1,13,116,45,0,0,24,0,3,84,6,0,1,0.249,0.316,0.481,0.797,0.137,113.9,0.5
14699,전의산,2000년 11월 25일,우투좌타,수영초-개성중-경남고,20 SK 2차 1라운드 10순위,2023,SSG,23,1B,56,-0.23,-0.05,153,153,134,11,27,6,0,4,45,21,0,2,15,3,0,40,1,0,1,0.201,0.294,0.336,0.63,0.089,74.0,-0.29
14699,전의산,2000년 11월 25일,우투좌타,수영초-개성중-경남고,20 SK 2차 1라운드 10순위,2024,SSG,24,1B,34,-1.01,-0.26,63,63,57,3,5,0,0,1,8,3,0,1,5,0,0,15,3,0,1,0.088,0.159,0.14,0.299,-0.051,-37.6,-1.27
14704,박정현,2001년 07월 27일,우투우타,부천북초-부천중-유신고,20 한화 2차 8라운드 78순위,2022,한화,21,SS,81,0.05,0.87,220,218,205,23,50,4,1,3,65,19,6,1,12,1,0,56,2,2,0,0.244,0.289,0.317,0.606,0.074,63.9,0.92
14704,박정현,2001년 07월 27일,우투우타,부천북초-부천중-유신고,20 한화 2차 8라운드 78순위,2023,한화,22,SS,53,-0.32,-0.18,113,110,105,12,19,6,0,2,31,4,0,0,3,2,0,36,2,3,0,0.181,0.218,0.295,0.513,0.036,30.3,-0.5
14706,임종찬,2001년 09월 28일,우투좌타,우암초-청주중-북일고,20 한화 2차 3라운드 28순위,2022,한화,21,RF,20,-0.32,0.04,57,57,53,2,10,1,0,2,17,6,0,1,3,0,1,23,1,0,1,0.189,0.228,0.321,0.549,0.045,38.0,-0.28
14706,임종찬,2001년 09월 28일,우투좌타,우암초-청주중-북일고,20 한화 2차 3라운드 28순위,2024,한화,23,CF,24,-0.19,-0.03,64,64,57,10,9,3,2,0,16,7,0,1,6,1,0,19,2,0,0,0.158,0.25,0.281,0.531,0.048,35.5,-0.22
14707,최인호,2000년 01월 30일,우투좌타,송정동초-광주동성중-포철고,20 한화 2차 6라운드 58순위,2023,한화,23,LF,41,0.86,0.28,148,146,131,23,39,5,3,2,56,11,1,0,10,4,0,22,2,2,1,0.298,0.363,0.427,0.79,0.146,125.0,1.14
14707,최인호,2000년 01월 30일,우투좌타,송정동초-광주동성중-포철고,20 한화 2차 6라운드 58순위,2024,한화,24,LF,82,0.9,0.32,244,240,210,37,60,13,2,2,83,22,3,0,25,3,0,31,3,4,2,0.286,0.367,0.395,0.762,0.139,102.2,1.21
14707,최인호,2000년 01월 30일,우투좌타,송정동초-광주동성중-포철고,20 한화 2차 6라운드 58순위,2025,한화,25,DH,78,0.15,-0.1,159,158,139,7,36,9,0,2,51,19,1,0,13,5,0,29,5,1,1,0.259,0.342,0.367,0.709,0.118,96.9,0.05
14783,이영빈,2002년 06월 17일,우투좌타,대전중구-충남중-세광고,21 LG 2차 1라운드 7순위,2022,LG,20,2B,60,-0.11,0.13,83,83,76,16,14,3,0,1,20,5,0,0,7,0,0,25,3,0,0,0.184,0.253,0.263,0.516,0.046,41.1,0.02
14783,이영빈,2002년 06월 17일,우투좌타,대전중구-충남중-세광고,21 LG 2차 1라운드 7순위,2024,LG,22,1B,31,-0.12,-0.05,71,69,63,11,14,2,0,2,22,12,0,1,4,0,0,20,0,2,2,0.222,0.261,0.349,0.61,0.059,45.5,-0.17
14783,이영빈,2002년 06월 17일,우투좌타,대전중구-충남중-세광고,21 LG 2차 1라운드 7순위,2025,LG,23,2B,44,-0.06,-0.08,75,74,72,12,15,1,1,3,27,9,1,0,1,0,0,35,1,1,1,0.208,0.216,0.375,0.591,0.051,42.3,-0.14
14806,조형우,2002년 04월 04일,우투우타,송정동초-무등중-광주제일고,21 SK 2차 1라운드 8순위,2023,SSG,21,C,62,-0.3,-0.05,133,129,119,9,22,4,1,2,34,12,0,0,8,1,0,25,2,4,1,0.185,0.24,0.286,0.526,0.044,36.4,-0.35
14806,조형우,2002년 04월 04일,우투우타,송정동초-무등중-광주제일고,21 SK 2차 1라운드 8순위,2025,SSG,23,C,102,0.44,0.14,294,293,269,23,64,8,0,4,84,29,0,0,19,3,0,64,5,1,2,0.238,0.294,0.312,0.606,0.076,61.5,0.59
14807,고명준,2002년 07월 08일,우투우타,서원초-세광중-세광고,21 SK 2차 2라운드 18순위,2024,SSG,22,1B,106,-0.93,0.21,366,366,340,33,85,13,0,11,131,45,3,4,25,1,0,90,4,0,0,0.25,0.303,0.385,0.688,0.095,68.1,-0.72
14807,고명준,2002년 07월 08일,우투우타,서원초-세광중-세광고,21 SK 2차 2라운드 18순위,2025,SSG,23,1B,130,0.07,0.72,500,500,471,46,131,20,1,17,204,64,2,0,20,2,1,99,12,0,7,0.278,0.306,0.433,0.739,0.112,90.8,0.79
14888,추신수,1982년 07월 13일,좌투좌타,수영초-부산중-부산고,07 SK 해외진출선수 특별지명,2022,SSG,40,DH,112,2.87,0.06,499,497,409,77,106,20,1,16,176,58,15,5,71,13,1,100,6,2,4,0.259,0.382,0.43,0.812,0.159,133.8,2.93
14888,추신수,1982년 07월 13일,좌투좌타,수영초-부산중-부산고,07 SK 해외진출선수 특별지명,2023,SSG,41,DH,112,1.99,-0.21,462,462,382,65,97,17,1,12,152,41,6,4,65,13,1,79,8,0,2,0.254,0.379,0.398,0.777,0.149,124.2,1.78
14888,추신수,1982년 07월 13일,좌투좌타,수영초-부산중-부산고,07 SK 해외진출선수 특별지명,2024,SSG,42,DH,78,0.67,0.02,302,300,253,40,71,14,1,5,102,37,5,1,37,4,0,68,2,2,6,0.281,0.373,0.403,0.776,0.143,102.0,0.69
14996,소크라테스,1992년 09월 06일,좌투좌타,도미니카 Liceo Cacique Enriquillo(고),22 KIA 자유선발,2022,KIA,30,CF,127,4.76,-0.15,554,551,514,83,160,29,7,17,254,77,12,7,34,2,4,81,11,0,4,0.311,0.354,0.494,0.848,0.157,136.4,4.6
14996,소크라테스,1992년 09월 06일,좌투좌타,도미니카 Liceo Cacique Enriquillo(고),22 KIA 자유선발,2023,KIA,31,CF,142,3.64,0.37,608,606,547,91,156,31,3,20,253,96,15,6,52,1,4,80,13,0,8,0.285,0.344,0.463,0.807,0.144,125.0,4.0
14996,소크라테스,1992년 09월 06일,좌투좌타,도미니카 Liceo Cacique Enriquillo(고),22 KIA 자유선발,2024,KIA,32,LF,140,3.63,-0.1,602,599,552,92,171,30,3,26,285,97,13,5,41,4,4,91,7,0,5,0.31,0.359,0.516,0.875,0.163,121.2,3.54
15002,루이즈,1994년 05월 22일,우투좌타,미국 Bishop Amat Memorial(고),22 LG 자유선발,2022,LG,28,3B,27,-0.36,0.02,94,94,84,10,13,4,1,1,22,6,1,0,9,0,0,13,5,0,1,0.155,0.234,0.262,0.496,0.039,36.3,-0.34
15006,크론,1993년 02월 17일,우투우타,미국 Mountain Pointe(고)-미국 Texas Christian(대),22 SSG 자유선발,2022,SSG,29,1B,67,-0.13,-0.19,259,259,243,21,54,13,1,11,102,35,0,0,9,3,0,68,3,0,4,0.222,0.255,0.42,0.675,0.09,75.9,-0.32
15012,터크먼,1990년 12월 03일,좌투좌타,미국 William Fremd(고)-미국 Bradley(대),22 한화 자유선발,2022,한화,32,CF,144,4.36,-0.09,648,644,575,88,166,37,4,12,247,43,19,11,64,7,5,104,12,0,2,0.289,0.366,0.43,0.796,0.146,126.5,4.27
15056,김도영,2003년 10월 02일,우투우타,광주대성초-광주동성중-광주동성고,22 KIA 1차,2022,KIA,19,3B,103,0.94,0.81,254,250,224,37,53,11,4,3,81,19,13,3,22,3,0,62,3,4,1,0.237,0.312,0.362,0.674,0.104,90.7,1.75
15056,김도영,2003년 10월 02일,우투우타,광주대성초-광주동성중-광주동성고,22 KIA 1차,2023,KIA,20,3B,84,3.26,0.5,385,382,340,72,103,20,5,7,154,47,25,4,38,1,1,62,14,2,4,0.303,0.371,0.453,0.824,0.156,134.4,3.76
15056,김도영,2003년 10월 02일,우투우타,광주대성초-광주동성중-광주동성고,22 KIA 1차,2024,KIA,21,3B,141,8.78,-0.18,625,619,544,143,189,29,10,38,352,109,40,4,66,7,7,110,10,1,7,0.347,0.42,0.647,1.067,0.232,172.5,8.59
15056,김도영,2003년 10월 02일,우투우타,광주대성초-광주동성중-광주동성고,22 KIA 1차,2025,KIA,22,3B,30,1.11,0.22,122,121,110,20,34,9,0,7,64,27,3,0,10,0,1,23,3,0,2,0.309,0.361,0.582,0.943,0.181,152.4,1.33
15058,윤도현,2003년 05월 07일,우투우타,광주화정초-무등중-광주제일고,22 KIA 2차 2라운드 15순위,2025,KIA,22,2B,40,1.0,-0.62,160,158,149,24,41,7,2,6,70,17,2,1,8,1,0,36,1,2,0,0.275,0.316,0.47,0.786,0.133,112.0,0.38
15081,이주헌,2003년 03월 04일,우투우타,서울이수초-성남중-성남고,22 LG 2차 3라운드 27순위,2025,LG,22,C,76,1.03,-0.39,156,154,128,22,28,3,0,4,43,9,0,0,18,8,0,30,2,2,0,0.219,0.351,0.336,0.687,0.121,104.4,0.65
15084,최원영,2003년 07월 18일,우투우타,수영초-사직중-부산고,22 LG 2차 6라운드 57순위,2025,LG,22,LF,119,0.15,0.62,115,112,103,37,29,5,0,0,34,2,8,4,4,4,0,20,4,3,1,0.282,0.33,0.33,0.66,0.095,81.9,0.77
15121,석정우,1999년 01월 20일,우투우타,동일초-경남중-경남고-연세대,22 SSG 육성선수,2025,SSG,26,3B,27,0.29,-0.47,54,54,49,3,13,1,0,2,20,4,0,0,4,1,0,18,1,0,0,0.265,0.333,0.408,0.741,0.125,100.0,-0.18
15150,가르시아,1993년 03월 28일,우투양타,-,22 LG 자유선발,2022,LG,29,2B,39,0.58,-0.32,156,156,136,21,28,6,1,4,48,19,4,1,19,1,0,40,4,0,0,0.206,0.308,0.353,0.661,0.102,91.4,0.25
15151,라가레스,1989년 03월 17일,우투우타,-,22 SSG 자유선발,2022,SSG,33,LF,49,1.27,0.25,202,198,181,24,57,9,0,6,84,32,3,1,14,1,1,18,4,3,3,0.315,0.362,0.464,0.826,0.149,124.5,1.52
15422,문현빈,2004년 04월 20일,우투좌타,유천초-온양중-북일고,23 한화 2라운드 11순위,2023,한화,19,CF,137,1.54,-0.11,481,470,428,47,114,22,2,5,155,49,5,1,33,6,2,84,7,9,5,0.266,0.324,0.362,0.686,0.106,89.6,1.42
15422,문현빈,2004년 04월 20일,우투좌타,유천초-온양중-북일고,23 한화 2라운드 11순위,2024,한화,20,2B,103,0.65,-0.14,289,287,260,29,72,16,2,5,107,47,3,5,24,2,1,53,9,1,2,0.277,0.34,0.412,0.752,0.126,93.2,0.51
15422,문현빈,2004년 04월 20일,우투좌타,유천초-온양중-북일고,23 한화 2라운드 11순위,2025,한화,21,LF,141,3.1,-0.69,592,585,528,71,169,30,2,12,239,80,17,6,38,10,2,82,11,5,11,0.32,0.37,0.453,0.823,0.149,124.2,2.42
15484,김범석,2004년 05월 21일,우투우타,김해삼성초-경남중-경남고,23 LG 1라운드 7순위,2024,LG,20,DH,70,-0.23,-0.08,180,179,162,14,39,4,0,6,61,24,0,0,14,2,2,49,4,0,2,0.241,0.306,0.377,0.683,0.095,71.7,-0.31
15530,에레디아,1991년 01월 31일,좌투우타,-,23 SSG 자유선발,2023,SSG,32,LF,122,3.74,0.21,523,519,473,76,153,29,0,12,218,76,12,8,39,9,4,75,13,1,1,0.323,0.385,0.461,0.846,0.163,135.9,3.95
15530,에레디아,1991년 01월 31일,좌투우타,-,23 SSG 자유선발,2024,SSG,33,LF,136,4.24,0.33,591,588,541,82,195,31,1,21,291,118,4,3,28,13,3,73,12,0,9,0.36,0.399,0.538,0.937,0.191,137.2,4.56
15530,에레디아,1991년 01월 31일,좌투우타,-,23 SSG 자유선발,2025,SSG,34,LF,96,2.95,0.59,415,412,375,46,127,18,0,13,184,54,1,2,31,7,4,62,9,0,2,0.339,0.398,0.491,0.889,0.173,141.0,3.54
15532,오스틴,1993년 10월 14일,우투우타,-,23 LG 자유선발,2023,LG,30,1B,139,5.06,0.07,583,583,520,87,163,29,4,23,269,95,7,3,53,3,2,75,11,0,7,0.313,0.376,0.517,0.893,0.175,153.9,5.13
15532,오스틴,1993년 10월 14일,우투우타,-,23 LG 자유선발,2024,LG,31,1B,140,5.06,0.17,604,600,527,99,168,32,3,32,302,132,12,8,61,3,6,82,9,0,13,0.319,0.384,0.573,0.957,0.192,147.8,5.23
15532,오스틴,1993년 10월 14일,우투우타,-,23 LG 자유선발,2025,LG,32,1B,116,5.11,-0.25,499,494,425,82,133,25,1,31,253,95,3,0,61,2,7,62,11,0,11,0.313,0.393,0.595,0.988,0.199,171.6,4.86
15541,오그레디,1992년 05월 17일,우투좌타,-,23 한화 자유선발,2023,한화,31,LF,22,-0.87,-0.05,86,86,80,3,10,3,0,0,13,8,1,0,5,0,0,40,0,0,1,0.125,0.174,0.163,0.337,-0.025,-20.8,-0.92
15647,윌리엄스,1993년 09월 08일,좌투좌타,-,23 한화 자유선발,2023,한화,30,LF,68,-0.11,-0.48,273,273,258,29,63,14,0,9,104,45,1,1,8,4,0,63,6,0,3,0.244,0.275,0.403,0.678,0.093,78.5,-0.59
16038,박지환,2005년 07월 12일,우투우타,군산남초-군산중-세광고,24 SSG 1라운드 10순위,2024,SSG,19,2B,76,0.49,-0.4,249,246,228,33,63,9,2,4,88,21,8,3,12,3,0,61,3,3,3,0.276,0.317,0.386,0.703,0.106,75.2,0.09
16038,박지환,2005년 07월 12일,우투우타,군산남초-군산중-세광고,24 SSG 1라운드 10순위,2025,SSG,20,3B,31,-0.64,-0.31,68,65,60,3,9,0,0,0,9,4,0,1,4,0,0,19,1,3,1,0.15,0.2,0.15,0.35,-0.017,-14.2,-0.95
16042,정준재,2003년 01월 03일,우투좌타,상인천초-동인천중-강릉고-동국대,24 SSG 5라운드 50순위,2024,SSG,21,2B,88,1.58,0.28,240,237,215,40,66,8,5,1,87,23,16,5,19,3,0,49,3,3,0,0.307,0.371,0.405,0.776,0.143,103.2,1.86
16042,정준재,2003년 01월 03일,우투좌타,상인천초-동인천중-강릉고-동국대,24 SSG 5라운드 50순위,2025,SSG,22,2B,132,1.67,0.17,442,426,371,58,91,10,3,0,107,25,37,8,51,3,0,93,4,16,1,0.245,0.34,0.288,0.628,0.101,81.7,1.84
16110,황영묵,1999년 10월 16일,우투좌타,수진초-성일중-충훈고,24 한화 4라운드 31순위,2024,한화,25,2B,123,1.42,0.01,389,386,349,52,105,8,4,3,130,35,4,7,31,5,0,56,6,3,1,0.301,0.365,0.372,0.737,0.129,95.1,1.43
16110,황영묵,1999년 10월 16일,우투좌타,수진초-성일중-충훈고,24 한화 4라운드 31순위,2025,한화,26,2B,117,0.86,-0.44,286,283,260,40,71,17,1,1,93,22,1,3,20,2,0,37,4,2,1,0.273,0.329,0.358,0.687,0.106,87.8,0.42
16121,페라자,1998년 11월 10일,우투양타,-,24 한화 자유선발,2024,한화,26,LF,122,2.34,-0.14,522,518,455,75,125,24,0,24,221,70,7,5,63,2,5,129,6,0,2,0.275,0.364,0.486,0.85,0.158,116.7,2.2
16252,박재현,2006년 12월 08일,우투좌타,동막초-재능중-인천고,25 KIA 3라운드 25순위,2025,KIA,19,CF,58,-0.89,-0.6,69,69,62,11,5,1,0,0,6,3,4,3,6,0,0,26,0,0,1,0.081,0.159,0.097,0.256,-0.046,-38.5,-1.49
16262,위즈덤,1991년 08월 27일,우투우타,-,25 KIA 자유선발,2025,KIA,34,1B,119,3.48,0.02,486,485,424,73,100,20,1,35,227,85,3,0,52,4,2,142,9,0,6,0.236,0.321,0.535,0.856,0.155,131.4,3.49
16279,박관우,2006년 03월 22일,좌투좌타,경산-경운중-경북고,25 LG 5라운드 50순위,2025,LG,19,LF,39,0.18,-0.14,58,58,53,12,14,2,0,2,22,13,0,0,3,1,0,11,1,0,1,0.264,0.31,0.415,0.725,0.111,94.9,0.04
16312,플로리얼,1997년 11월 25일,우투좌타,-,25 한화 자유선발,2025,한화,28,CF,65,1.68,0.1,285,285,258,36,70,18,2,8,116,29,13,3,24,1,2,65,2,0,2,0.271,0.333,0.45,0.783,0.134,111.5,1.78
16390,맥브룸,1992년 04월 09일,좌투우타,-,25 SSG 부상 대체 외국인선수,2025,SSG,33,RF,22,-0.26,0.1,80,78,74,8,15,3,0,4,30,11,0,0,5,1,2,28,2,0,0,0.203,0.263,0.405,0.668,0.078,62.8,-0.17
16396,리베라토,1995년 12월 18일,좌투좌타,-,25 한화 부상 대체 외국인선수,2025,한화,30,CF,62,2.46,-0.47,273,273,246,41,77,18,2,10,129,39,1,0,23,0,0,47,3,0,4,0.313,0.366,0.524,0.89,0.172,143.1,2.0
