Id,Name,Birthdate,Handedness,School,Draft,Year,Team,Age,Pos.,G,GS,GR,GF,CG,SHO,W,L,S,HD,IP,ER,R,rRA,TBF,H,2B,3B,HR,BB,HP,IB,SO,ROE,BK,WP,ERA,RA9,rRA9,FIP,WHIP,WAR
10058,양현종,1988년 03월 01일,좌투좌타,광주학강초-광주동성중-광주동성고,07 KIA 2차 1라운드 1순위,2022,KIA,34,P,30,30,0,0,0,0,12,7,0,0,175.1,75,86,85.15,743,170,33.0,3.0,14,50,3,1,141,11.0,0,3,3.85,4.41,4.37,3.66,1.25,2.93
10058,양현종,1988년 03월 01일,좌투좌타,광주학강초-광주동성중-광주동성고,07 KIA 2차 1라운드 1순위,2023,KIA,35,P,29,29,0,0,0,0,9,11,0,0,171.0,68,78,76.45,729,181,33.0,1.0,13,48,1,1,133,9.0,0,5,3.58,4.11,4.02,3.7,1.34,3.59
10058,양현종,1988년 03월 01일,좌투좌타,광주학강초-광주동성중-광주동성고,07 KIA 2차 1라운드 1순위,2024,KIA,36,P,29,29,0,3,3,0,11,5,0,0,171.1,78,86,83.1,727,174,37.0,6.0,21,41,6,0,129,11.0,0,2,4.1,4.52,4.37,4.69,1.25,4.34
10058,양현종,1988년 03월 01일,좌투좌타,광주학강초-광주동성중-광주동성고,07 KIA 2차 1라운드 1순위,2025,KIA,37,P,30,30,0,0,0,0,7,9,0,0,153.0,86,101,96.2,677,171,23.0,4.0,12,57,4,1,109,14.0,0,10,5.06,5.94,5.66,4.35,1.49,0.86
10075,진해수,1986년 06월 26일,좌투좌타,동삼초-경남중-부경고,05 KIA 2차 7라운드 50순위,2021,LG,35,P,50,0,50,9,0,0,1,0,0,5,44.1,12,17,16.85,188,41,4.0,0.0,2,18,3,1,39,2.0,0,1,2.44,3.45,3.42,3.5,1.33,0.83
10075,진해수,1986년 06월 26일,좌투좌타,동삼초-경남중-부경고,05 KIA 2차 7라운드 50순위,2022,LG,36,P,64,0,64,7,0,0,4,0,0,12,45.0,12,13,14.05,180,39,6.0,3.0,1,11,1,0,35,0.0,0,2,2.4,2.6,2.81,2.93,1.11,1.24
10124,고효준,1983년 02월 08일,좌투좌타,서원초-세광중-세광고,02 롯데 2차 1라운드 6순위,2022,SSG,39,P,45,0,45,6,0,0,1,0,0,7,38.2,16,18,21.1,174,35,6.0,2.0,1,20,2,2,35,5.0,0,7,3.72,4.19,4.91,3.51,1.42,0.26
10124,고효준,1983년 02월 08일,좌투좌타,서원초-세광중-세광고,02 롯데 2차 1라운드 6순위,2023,SSG,40,P,73,0,73,7,0,0,4,1,0,13,58.0,29,31,29.8,262,49,3.0,0.0,3,42,3,0,66,3.0,0,4,4.5,4.81,4.62,4.03,1.57,0.67
10126,김광현,1988년 07월 22일,좌투좌타,안산-덕성초-안산중앙중-안산공고,07 SK 1차 1순위,2022,SSG,34,P,28,28,0,0,0,0,13,3,0,0,173.1,41,48,48.0,694,141,16.0,2.0,10,45,5,2,153,9.0,0,1,2.13,2.49,2.49,3.14,1.07,6.63
10126,김광현,1988년 07월 22일,좌투좌타,안산-덕성초-안산중앙중-안산공고,07 SK 1차 1순위,2023,SSG,35,P,30,30,0,0,0,0,9,8,0,0,168.1,66,75,72.75,713,163,30.0,0.0,11,70,2,0,119,9.0,0,5,3.53,4.01,3.89,4.19,1.38,3.63
10126,김광현,1988년 07월 22일,좌투좌타,안산-덕성초-안산중앙중-안산공고,07 SK 1차 1순위,2024,SSG,36,P,31,31,0,0,0,0,12,10,0,0,162.1,89,95,94.65,709,162,29.0,0.0,24,73,6,1,154,6.0,0,8,4.93,5.27,5.25,5.18,1.45,2.97
10126,김광현,1988년 07월 22일,좌투좌타,안산-덕성초-안산중앙중-안산공고,07 SK 1차 1순위,2025,SSG,37,P,28,28,0,0,0,0,10,10,0,0,144.0,80,86,83.4,636,164,28.0,1.0,13,50,4,1,138,8.0,0,6,5.0,5.38,5.21,3.77,1.49,1.62
10131,박종훈,1991년 08월 13일,우언우타,중앙초-군산중-군산상고,10 SK 2라운드 9순위,2021,SSG,30,P,9,9,0,0,0,0,4,2,0,0,54.1,17,19,18.65,222,40,7.0,0.0,2,17,7,0,41,6.0,2,0,2.82,3.15,3.09,3.69,1.05,1.87
10131,박종훈,1991년 08월 13일,우언우타,중앙초-군산중-군산상고,10 SK 2라운드 9순위,2022,SSG,31,P,11,11,0,0,0,0,3,5,0,0,48.0,32,34,32.95,220,52,4.0,1.0,6,21,8,0,40,3.0,0,3,6.0,6.38,6.18,5.06,1.52,0.05
10131,박종훈,1991년 08월 13일,우언우타,중앙초-군산중-군산상고,10 SK 2라운드 9순위,2023,SSG,32,P,18,16,2,0,0,0,2,6,0,0,80.0,55,57,56.65,382,77,13.0,1.0,8,60,19,0,56,4.0,0,2,6.19,6.41,6.37,6.35,1.71,0.11
10131,박종훈,1991년 08월 13일,우언우타,중앙초-군산중-군산상고,10 SK 2라운드 9순위,2024,SSG,33,P,10,9,1,1,0,0,1,4,0,0,35.0,27,28,26.1,164,37,7.0,0.0,7,21,8,0,34,0.0,0,3,6.94,7.2,6.71,6.83,1.66,0.12
10133,김태훈,1990년 05월 19일,좌투좌타,구리-구리인창중-구리인창고,09 SK 1차,2021,SSG,31,P,65,0,65,4,0,0,2,4,1,16,58.0,32,35,31.3,269,55,5.0,0.0,7,38,10,3,49,5.0,1,4,4.97,5.43,4.86,5.55,1.6,0.76
10137,송은범,1984년 03월 17일,우투우타,서흥초-동산중-동산고,03 SK 1차,2021,LG,37,P,35,0,35,2,0,0,2,2,0,4,37.1,17,18,16.1,155,34,7.0,0.0,1,13,2,1,19,1.0,0,4,4.1,4.34,3.88,4.06,1.26,0.69
10156,정우람,1985년 06월 01일,좌투좌타,하단초-대동중-부경고,04 SK 2차 2라운드 11순위,2021,한화,36,P,50,0,50,37,0,0,1,4,15,1,44.2,28,29,29.85,199,47,5.0,0.0,5,20,5,2,32,2.0,0,0,5.64,5.84,6.01,4.9,1.5,-0.31
10156,정우람,1985년 06월 01일,좌투좌타,하단초-대동중-부경고,04 SK 2차 2라운드 11순위,2023,한화,38,P,52,0,52,7,0,0,0,1,0,8,40.1,24,24,22.2,183,45,8.0,2.0,3,17,2,0,30,2.0,0,3,5.36,5.36,4.95,4.34,1.54,0.24
10203,노경은,1984년 03월 11일,우투우타,화곡초-성남중-성남고,03 두산 1차,2022,SSG,38,P,41,8,33,7,0,0,12,5,1,7,79.2,27,28,29.05,323,69,10.0,0.0,5,23,4,0,55,5.0,0,5,3.05,3.16,3.28,3.86,1.15,2.49
10203,노경은,1984년 03월 11일,우투우타,화곡초-성남중-성남고,03 두산 1차,2023,SSG,39,P,76,0,76,6,0,0,9,5,2,30,83.0,33,33,36.45,357,78,13.0,2.0,4,36,4,5,65,4.0,0,8,3.58,3.58,3.95,3.81,1.37,1.62
10203,노경은,1984년 03월 11일,우투우타,화곡초-성남중-성남고,03 두산 1차,2024,SSG,40,P,77,0,77,7,0,0,8,5,0,38,83.2,27,30,36.0,350,71,10.0,1.0,10,32,4,4,71,2.0,0,3,2.9,3.23,3.87,4.76,1.23,2.64
10203,노경은,1984년 03월 11일,우투우타,화곡초-성남중-성남고,03 두산 1차,2025,SSG,41,P,77,0,77,6,0,0,3,6,3,35,80.0,19,22,25.05,320,60,10.0,0.0,2,25,3,5,68,3.0,0,3,2.14,2.48,2.82,3.05,1.06,3.13
10230,홍상삼,1990년 02월 13일,우투좌타,영일초-충암중-충암고,08 두산 2차 3라운드 20순위,2021,KIA,31,P,49,0,49,3,0,0,4,1,0,12,36.0,19,19,26.2,160,33,9.0,0.0,6,19,3,2,33,0.0,0,4,4.75,4.75,6.55,5.18,1.44,-0.34
10427,김상수,1988년 01월 02일,우투우타,자이언츠-자양중-신일고,06 삼성 2차 2라운드 15순위,2021,SSG,33,P,50,0,50,20,0,0,4,3,6,5,58.1,33,33,32.45,273,71,8.0,0.0,10,30,1,3,44,1.0,0,2,5.09,5.09,5.01,5.46,1.73,0.67
10453,장시환,1987년 11월 01일,우투우타,태안초-태안중-북일고,07 현대 2차 1라운드 2순위,2021,한화,34,P,19,16,3,2,1,0,0,11,0,1,69.0,54,62,57.0,342,87,12.0,1.0,4,48,6,2,47,6.0,0,7,7.04,8.09,7.43,5.18,1.96,-0.48
10453,장시환,1987년 11월 01일,우투우타,태안초-태안중-북일고,07 현대 2차 1라운드 2순위,2022,한화,35,P,64,0,64,30,0,0,0,5,14,9,63.2,31,37,35.45,280,57,14.0,2.0,4,33,1,4,67,5.0,0,2,4.38,5.23,5.01,3.41,1.41,0.34
10453,장시환,1987년 11월 01일,우투우타,태안초-태안중-북일고,07 현대 2차 1라운드 2순위,2023,한화,36,P,38,0,38,7,0,0,2,2,1,7,34.2,13,13,15.75,153,32,4.0,0.0,1,21,4,1,24,1.0,0,3,3.38,3.38,4.09,4.61,1.53,0.55
10453,장시환,1987년 11월 01일,우투우타,태안초-태안중-북일고,07 현대 2차 1라운드 2순위,2024,한화,37,P,30,0,30,2,0,0,2,2,0,2,33.1,19,27,22.05,156,34,6.0,1.0,3,22,1,0,28,5.0,0,0,5.13,7.29,5.95,5.41,1.68,0.2
10516,신정락,1987년 05월 13일,우언우타,천안남산초-천안북중-북일고-고려대,10 LG 1라운드 1순위,2022,한화,35,P,44,0,44,14,0,0,2,1,1,4,47.0,21,25,31.5,215,52,10.0,1.0,4,16,7,2,23,5.0,0,2,4.02,4.79,6.03,4.96,1.45,-0.16
10533,정찬헌,1990년 01월 26일,우투우타,송정동초-충장중-광주제일고,08 LG 2차 1라운드 1순위,2021,LG,31,P,12,12,0,0,0,0,6,2,0,0,58.0,26,29,29.0,249,69,12.0,2.0,5,12,2,0,31,1.0,0,2,4.03,4.5,4.5,4.2,1.4,0.74
10535,최동환,1989년 09월 19일,우투우타,인헌초-선린중-경동고,09 LG 2차 2라운드 13순위,2022,LG,33,P,47,0,47,16,0,0,0,1,0,0,50.0,23,23,24.55,210,45,7.0,1.0,5,17,1,0,30,2.0,0,3,4.14,4.14,4.42,4.59,1.24,0.5
10535,최동환,1989년 09월 19일,우투우타,인헌초-선린중-경동고,09 LG 2차 2라운드 13순위,2023,LG,34,P,45,0,45,15,0,0,0,0,1,1,42.1,15,18,18.5,189,42,11.0,0.0,1,17,3,2,20,5.0,0,0,3.19,3.83,3.93,4.41,1.39,0.67
10590,류현진,1987년 03월 25일,좌투우타,창영초-동산중-동산고-대전대,06 한화 2차 1라운드 2순위,2024,한화,37,P,28,28,0,0,0,0,10,8,0,0,158.1,68,78,76.95,679,182,22.0,1.0,12,33,3,0,135,10.0,0,1,3.87,4.43,4.37,3.73,1.36,3.84
10590,류현진,1987년 03월 25일,좌투우타,창영초-동산중-동산고-대전대,06 한화 2차 1라운드 2순위,2025,한화,38,P,26,26,0,0,0,0,9,7,0,0,139.1,50,54,53.5,574,144,22.0,3.0,12,25,4,2,122,4.0,0,2,3.23,3.49,3.46,3.37,1.21,4.03
10609,이태양,1990년 07월 03일,우투좌타,여수서초-여수중-효천고,10 한화 5라운드 36순위,2021,SSG,31,P,40,14,26,3,0,0,5,10,0,4,103.2,66,66,68.25,456,123,23.0,1.0,25,32,1,1,62,3.0,0,2,5.73,5.73,5.93,6.1,1.5,0.51
10609,이태양,1990년 07월 03일,우투좌타,여수서초-여수중-효천고,10 한화 5라운드 36순위,2022,SSG,32,P,30,17,13,3,0,0,8,3,0,1,112.0,45,50,49.3,472,116,18.0,0.0,15,24,5,2,61,7.0,0,0,3.62,4.02,3.96,4.76,1.25,2.4
10609,이태양,1990년 07월 03일,우투좌타,여수서초-여수중-효천고,10 한화 5라운드 36순위,2023,한화,33,P,50,12,38,6,0,0,3,3,0,2,100.1,36,44,48.5,422,100,25.0,6.0,7,21,3,2,72,9.0,0,1,3.23,3.95,4.35,3.6,1.21,1.49
10610,장민재,1990년 03월 19일,우투우타,광주화정초-무등중-광주제일고,09 한화 2차 3라운드 22순위,2022,한화,32,P,32,25,7,1,0,0,7,8,0,0,126.2,50,54,54.0,531,124,18.0,2.0,15,39,4,1,75,6.0,0,3,3.55,3.84,3.84,4.74,1.29,2.89
10610,장민재,1990년 03월 19일,우투우타,광주화정초-무등중-광주제일고,09 한화 2차 3라운드 22순위,2023,한화,33,P,25,13,12,6,0,0,3,8,0,1,69.0,37,46,47.55,308,79,13.0,2.0,12,22,5,2,61,4.0,0,5,4.83,6.0,6.2,4.83,1.46,-0.03
10652,임찬규,1992년 11월 20일,우투우타,가동초-청원중-휘문고,11 LG 1라운드 2순위,2021,LG,29,P,17,17,0,0,0,0,1,8,0,0,90.2,39,45,42.05,387,76,9.0,3.0,7,41,3,1,67,4.0,0,5,3.87,4.47,4.17,4.31,1.29,1.6
10652,임찬규,1992년 11월 20일,우투우타,가동초-청원중-휘문고,11 LG 1라운드 2순위,2022,LG,30,P,23,23,0,0,0,0,6,11,0,0,103.2,58,60,55.7,459,113,13.0,3.0,10,39,7,0,75,5.0,0,3,5.04,5.21,4.84,4.5,1.47,0.89
10652,임찬규,1992년 11월 20일,우투우타,가동초-청원중-휘문고,11 LG 1라운드 2순위,2023,LG,31,P,30,26,4,1,0,0,14,3,0,1,144.2,55,63,59.75,632,142,22.0,2.0,10,54,5,1,103,10.0,1,1,3.42,3.92,3.72,4.16,1.35,3.29
10652,임찬규,1992년 11월 20일,우투우타,가동초-청원중-휘문고,11 LG 1라운드 2순위,2024,LG,32,P,25,24,1,0,0,0,10,6,0,1,134.0,57,58,56.1,577,144,29.0,1.0,12,42,5,1,136,0.0,0,1,3.83,3.9,3.77,3.86,1.39,3.94
10652,임찬규,1992년 11월 20일,우투우타,가동초-청원중-휘문고,11 LG 1라운드 2순위,2025,LG,33,P,27,27,0,1,1,1,11,7,0,0,160.1,54,61,57.25,670,163,38.0,3.0,9,40,6,1,107,8.0,0,1,3.03,3.42,3.21,3.82,1.27,4.9
10706,김대유,1991년 05월 08일,좌투좌타,중앙초-부산중-부산고,10 넥센 3라운드 18순위,2021,LG,30,P,64,0,64,3,0,0,4,1,0,24,50.2,12,13,15.1,209,32,1.0,0.0,2,15,9,0,56,2.0,0,2,2.13,2.31,2.68,2.94,0.93,1.8
10706,김대유,1991년 05월 08일,좌투좌타,중앙초-부산중-부산고,10 넥센 3라운드 18순위,2022,LG,31,P,59,0,59,4,0,0,2,1,0,13,39.2,9,11,10.05,172,35,6.0,2.0,2,15,8,3,36,1.0,0,0,2.04,2.5,2.28,3.76,1.26,1.32
10749,이우찬,1992년 08월 04일,좌투좌타,온양온천초-온양중-북일고,11 LG 2라운드 15순위,2021,LG,29,P,15,5,10,2,0,0,0,1,0,0,34.0,21,25,23.8,161,36,3.0,1.0,3,25,1,0,27,3.0,0,0,5.56,6.62,6.3,5.2,1.79,-0.21
10749,이우찬,1992년 08월 04일,좌투좌타,온양온천초-온양중-북일고,11 LG 2라운드 15순위,2022,LG,30,P,36,0,36,4,0,0,5,0,0,2,44.2,9,10,12.6,182,29,4.0,0.0,2,21,1,1,42,1.0,0,4,1.81,2.01,2.54,3.42,1.12,1.32
10749,이우찬,1992년 08월 04일,좌투좌타,온양온천초-온양중-북일고,11 LG 2라운드 15순위,2023,LG,31,P,38,0,38,6,0,0,1,3,0,5,38.1,15,15,13.1,157,35,4.0,0.0,1,18,2,0,30,2.0,1,2,3.52,3.52,3.08,3.82,1.38,0.87
10749,이우찬,1992년 08월 04일,좌투좌타,온양온천초-온양중-북일고,11 LG 2라운드 15순위,2024,LG,32,P,42,1,41,3,0,0,3,2,0,6,33.2,33,35,33.15,172,42,6.0,1.0,2,30,1,0,31,4.0,1,6,8.82,9.36,8.86,5.58,2.14,-0.75
10783,문승원,1989년 11월 28일,우투우타,가동초-배명중-배명고-고려대,12 SK 1라운드 8순위,2021,SSG,32,P,9,9,0,0,0,0,2,2,0,0,50.1,16,20,20.0,212,42,14.0,0.0,1,18,2,0,32,4.0,0,1,2.86,3.58,3.58,3.65,1.19,1.47
10783,문승원,1989년 11월 28일,우투우타,가동초-배명중-배명고-고려대,12 SK 1라운드 8순위,2023,SSG,34,P,50,12,38,4,0,0,5,8,1,9,105.0,61,67,64.45,479,138,27.0,1.0,12,35,6,1,65,8.0,0,3,5.23,5.74,5.52,4.84,1.65,0.6
10783,문승원,1989년 11월 28일,우투우타,가동초-배명중-배명고-고려대,12 SK 1라운드 8순위,2024,SSG,35,P,62,0,62,37,0,0,6,1,20,6,60.0,30,33,35.75,265,67,7.0,0.0,10,24,1,3,53,3.0,0,2,4.5,4.95,5.36,5.23,1.52,0.91
10783,문승원,1989년 11월 28일,우투우타,가동초-배명중-배명고-고려대,12 SK 1라운드 8순위,2025,SSG,36,P,23,21,2,0,0,0,4,7,0,0,105.1,60,61,58.45,452,109,23.0,3.0,16,38,5,0,61,5.0,0,4,5.13,5.21,4.99,5.58,1.4,1.51
10784,서진용,1992년 10월 02일,우투우타,남부민초-대동중-경남고,11 SK 1라운드 7순위,2021,SSG,29,P,65,0,65,32,0,0,7,5,9,3,67.1,25,28,31.95,297,57,8.0,1.0,9,43,0,7,62,5.0,0,3,3.34,3.74,4.27,4.85,1.49,1.27
10784,서진용,1992년 10월 02일,우투우타,남부민초-대동중-경남고,11 SK 1라운드 7순위,2022,SSG,30,P,68,0,68,40,0,0,7,3,21,12,67.1,30,32,31.85,297,64,10.0,1.0,5,36,3,3,55,2.0,0,6,4.01,4.28,4.26,4.33,1.49,1.16
10784,서진용,1992년 10월 02일,우투우타,남부민초-대동중-경남고,11 SK 1라운드 7순위,2023,SSG,31,P,69,0,69,61,0,0,5,4,42,0,73.0,21,22,22.7,325,63,6.0,0.0,3,49,4,6,64,1.0,0,5,2.59,2.71,2.8,4.27,1.53,2.65
10784,서진용,1992년 10월 02일,우투우타,남부민초-대동중-경남고,11 SK 1라운드 7순위,2024,SSG,32,P,51,0,51,3,0,0,0,1,0,6,47.0,29,34,40.85,211,52,11.0,1.0,5,26,0,2,38,3.0,0,4,5.55,6.51,7.82,5.18,1.66,-0.4
10795,임준섭,1989년 07월 16일,좌투좌타,대연초-부산중-개성고-경성대,12 KIA 2라운드 15순위,2023,SSG,34,P,41,0,41,11,0,0,0,2,0,4,32.2,21,25,24.15,155,44,6.0,0.0,1,19,1,1,26,1.0,0,2,5.79,6.89,6.65,4.12,1.93,-0.26
10812,한승혁,1993년 01월 03일,우투좌타,도신초-강남중-덕수고,11 KIA 1라운드 8순위,2022,KIA,29,P,24,16,8,2,0,0,4,3,0,0,80.1,47,52,52.55,376,100,13.0,3.0,4,40,6,0,69,5.0,0,6,5.27,5.83,5.89,4.0,1.74,0.08
10812,한승혁,1993년 01월 03일,우투좌타,도신초-강남중-덕수고,11 KIA 1라운드 8순위,2023,한화,30,P,21,7,14,4,0,0,0,3,0,1,36.1,26,27,28.9,176,48,9.0,0.0,3,21,3,0,28,2.0,0,4,6.44,6.69,7.16,4.95,1.9,-0.35
10812,한승혁,1993년 01월 03일,우투좌타,도신초-강남중-덕수고,11 KIA 1라운드 8순위,2024,한화,31,P,70,0,70,4,0,0,5,5,0,19,62.2,35,39,37.1,289,63,7.0,1.0,2,38,6,2,64,2.0,0,6,5.03,5.6,5.33,4.31,1.61,0.76
10812,한승혁,1993년 01월 03일,우투좌타,도신초-강남중-덕수고,11 KIA 1라운드 8순위,2025,한화,32,P,71,0,71,10,0,0,3,3,3,16,64.0,16,18,18.4,269,56,5.0,1.0,4,23,7,1,53,4.0,0,3,2.25,2.53,2.59,4.09,1.23,2.54
10851,최성훈,1989년 10월 11일,좌투좌타,가동초-잠신중-경기고-경희대,12 LG 2라운드 16순위,2021,LG,32,P,46,0,46,11,0,0,1,1,0,3,40.2,11,14,19.8,179,40,7.0,1.0,2,19,1,1,33,4.0,0,0,2.43,3.1,4.38,3.85,1.45,0.46
10851,최성훈,1989년 10월 11일,좌투좌타,가동초-잠신중-경기고-경희대,12 LG 2라운드 16순위,2022,LG,33,P,45,0,45,5,0,0,0,0,0,6,33.1,8,10,12.05,139,23,4.0,2.0,1,13,3,2,22,3.0,0,2,2.16,2.7,3.25,3.79,1.08,0.68
10909,임기영,1993년 04월 16일,우언우타,대구수창초-경운중-경북고,12 한화 2라운드 18순위,2021,KIA,28,P,28,28,0,0,0,0,8,8,0,0,153.0,83,85,78.95,662,155,29.0,1.0,15,45,11,0,129,7.0,2,6,4.88,5.0,4.64,3.96,1.31,2.7
10909,임기영,1993년 04월 16일,우언우타,대구수창초-경운중-경북고,12 한화 2라운드 18순위,2022,KIA,29,P,26,23,3,1,0,0,4,13,1,0,129.1,61,63,60.55,555,137,25.0,1.0,18,36,5,1,82,0.0,0,2,4.24,4.38,4.21,4.81,1.34,2.44
10909,임기영,1993년 04월 16일,우언우타,대구수창초-경운중-경북고,12 한화 2라운드 18순위,2023,KIA,30,P,64,0,64,9,0,0,4,4,3,16,82.0,27,29,30.95,324,56,8.0,3.0,6,19,6,1,57,2.0,0,1,2.96,3.18,3.4,3.93,0.91,2.06
10909,임기영,1993년 04월 16일,우언우타,대구수창초-경운중-경북고,12 한화 2라운드 18순위,2024,KIA,31,P,37,3,34,3,0,0,6,2,0,2,45.2,32,35,37.2,218,61,12.0,0.0,8,17,1,1,36,4.0,1,1,6.31,6.9,7.33,5.54,1.71,-0.24
11070,박준표,1992년 06월 26일,우언우타,송정동초-진흥중-중앙고-동강대,13 KIA 7라운드 62순위,2021,KIA,29,P,32,0,32,2,0,0,2,4,0,4,32.0,21,24,22.5,158,42,9.0,1.0,3,17,9,0,18,2.0,0,0,5.91,6.75,6.33,5.99,1.84,-0.2
11094,함덕주,1995년 01월 13일,좌투좌타,일산초-원주중-원주고,13 두산 5라운드 43순위,2023,LG,28,P,57,0,57,9,0,0,4,0,4,16,55.2,10,12,13.0,222,32,9.0,1.0,1,22,2,1,59,3.0,0,0,1.62,1.94,2.1,2.69,0.97,2.41
11110,윤대경,1994년 04월 09일,우투우타,서림초-동인천중-인천고,13 삼성 7라운드 65순위,2021,한화,27,P,43,9,34,2,0,0,2,5,0,7,77.2,34,35,36.2,337,73,13.0,0.0,8,34,6,2,54,5.0,0,3,3.94,4.06,4.19,4.81,1.38,1.46
11110,윤대경,1994년 04월 09일,우투우타,서림초-동인천중-인천고,13 삼성 7라운드 65순위,2022,한화,28,P,25,14,11,4,0,0,4,9,0,0,75.1,63,63,59.55,349,106,22.0,2.0,6,17,7,0,51,3.0,0,5,7.53,7.53,7.11,4.03,1.63,-0.58
11110,윤대경,1994년 04월 09일,우투우타,서림초-동인천중-인천고,13 삼성 7라운드 65순위,2023,한화,29,P,47,0,47,10,0,0,5,1,0,2,47.2,13,18,15.95,199,36,9.0,1.0,4,19,6,0,28,2.0,0,2,2.45,3.4,3.01,5.01,1.15,1.22
11117,김종수,1994년 06월 03일,우투우타,성동초-덕수중-울산공고,13 한화 8라운드 74순위,2021,한화,27,P,49,0,49,11,0,0,1,1,0,6,46.2,25,29,32.3,208,34,10.0,0.0,7,32,3,0,38,4.0,0,2,4.82,5.59,6.23,5.84,1.41,-0.06
11117,김종수,1994년 06월 03일,우투우타,성동초-덕수중-울산공고,13 한화 8라운드 74순위,2022,한화,28,P,52,0,52,9,0,0,3,4,1,6,45.0,22,30,34.8,197,39,15.0,1.0,5,21,2,1,45,4.0,1,1,4.4,6.0,6.96,4.12,1.33,-0.81
11117,김종수,1994년 06월 03일,우투우타,성동초-덕수중-울산공고,13 한화 8라운드 74순위,2025,한화,31,P,63,0,63,10,0,0,4,5,0,5,63.2,23,30,32.15,282,57,17.0,1.0,5,36,4,1,59,5.0,1,2,3.25,4.24,4.54,4.55,1.46,0.85
11126,조상우,1994년 09월 04일,우투우타,서화초-상인천중-대전고,13 넥센 1라운드 1순위,2025,KIA,31,P,72,0,72,7,0,0,6,6,1,28,60.0,26,29,28.7,271,64,15.0,0.0,5,27,6,3,55,1.0,0,2,3.9,4.35,4.31,4.27,1.52,1.03
11164,장현식,1995년 02월 24일,우투우타,신도초-서울이수중-서울고,13 NC 1라운드 9순위,2021,KIA,26,P,69,0,69,5,0,0,1,5,1,34,76.2,28,28,29.4,336,67,7.0,1.0,7,42,3,1,80,3.0,0,8,3.29,3.29,3.45,4.06,1.42,2.26
11164,장현식,1995년 02월 24일,우투우타,신도초-서울이수중-서울고,13 NC 1라운드 9순위,2022,KIA,27,P,54,0,54,5,0,0,2,3,1,19,52.0,18,20,23.3,233,54,11.0,2.0,4,26,1,3,40,3.0,0,4,3.12,3.46,4.03,4.21,1.54,0.93
11164,장현식,1995년 02월 24일,우투우타,신도초-서울이수중-서울고,13 NC 1라운드 9순위,2023,KIA,28,P,56,0,56,17,0,0,2,2,3,5,51.0,23,26,26.45,226,58,8.0,0.0,6,26,1,1,44,1.0,0,1,4.06,4.59,4.67,4.67,1.65,0.5
11164,장현식,1995년 02월 24일,우투우타,신도초-서울이수중-서울고,13 NC 1라운드 9순위,2024,KIA,29,P,75,0,75,6,0,0,5,4,0,16,75.1,33,41,37.4,331,75,16.0,0.0,8,34,2,2,75,5.0,0,4,3.94,4.9,4.47,4.45,1.45,1.67
11164,장현식,1995년 02월 24일,우투우타,신도초-서울이수중-서울고,13 NC 1라운드 9순위,2025,LG,30,P,56,0,56,14,0,0,3,3,10,5,49.2,24,27,23.75,234,65,16.0,1.0,4,21,5,1,38,2.0,0,4,4.35,4.89,4.3,4.58,1.73,0.73
11166,김진성,1985년 03월 07일,우투우타,인헌초-성남중-성남서고,04 SK 2차 6라운드 42순위,2022,LG,37,P,67,0,67,12,0,0,6,3,0,12,58.0,20,21,21.7,236,44,6.0,1.0,6,22,1,3,54,0.0,0,2,3.1,3.26,3.37,3.76,1.14,1.29
11166,김진성,1985년 03월 07일,우투우타,인헌초-성남중-성남서고,04 SK 2차 6라운드 42순위,2023,LG,38,P,80,0,80,14,0,0,5,1,4,21,70.1,17,17,22.95,270,41,5.0,1.0,8,26,0,0,69,1.0,0,0,2.18,2.18,2.94,3.9,0.95,2.14
11166,김진성,1985년 03월 07일,우투우타,인헌초-성남중-성남서고,04 SK 2차 6라운드 42순위,2024,LG,39,P,71,0,71,6,0,0,3,3,1,27,70.1,31,34,38.35,294,62,11.0,1.0,11,23,7,3,61,4.0,0,2,3.97,4.35,4.91,5.24,1.21,1.01
11166,김진성,1985년 03월 07일,우투우타,인헌초-성남중-성남서고,04 SK 2차 6라운드 42순위,2025,LG,40,P,78,0,78,2,0,0,6,4,1,33,70.2,27,28,39.0,291,61,7.0,3.0,7,24,0,1,63,3.0,0,1,3.44,3.57,4.97,3.91,1.2,0.54
11170,윤호솔,1994년 07월 15일,우투우타,온양온천초-온양중-북일고,13 NC 신생팀 우선지명,2021,한화,27,P,55,0,55,13,0,0,3,0,0,8,48.2,25,29,32.9,214,41,13.0,2.0,7,30,3,1,42,5.0,0,3,4.62,5.36,6.08,5.36,1.46,-0.05
11170,윤호솔,1994년 07월 15일,우투우타,온양온천초-온양중-북일고,13 NC 신생팀 우선지명,2022,한화,28,P,52,0,52,7,0,0,3,5,0,7,42.1,19,26,26.0,199,43,6.0,1.0,2,28,0,2,33,6.0,0,3,4.04,5.53,5.53,4.37,1.68,-0.07
11229,김유영,1994년 05월 02일,좌투좌타,양정초-개성중-경남고,14 롯데 1차,2024,LG,30,P,53,2,51,6,0,0,1,2,1,6,47.2,20,27,25.7,212,50,7.0,0.0,2,16,4,0,42,8.0,1,3,3.78,5.1,4.85,3.87,1.38,0.71
11236,박민호,1992년 02월 25일,우언우타,인천동막초-동인천중-인천고-인하대,14 SK 2차 3라운드 33순위,2021,SSG,29,P,40,0,40,5,0,0,4,0,0,5,41.0,17,18,20.55,177,45,5.0,0.0,3,11,4,0,19,0.0,0,0,3.73,3.95,4.51,4.61,1.37,0.68
11242,이건욱,1995년 02월 13일,우투우타,신도초-동산중-동산고,14 SK 1차,2023,SSG,28,P,27,1,26,10,0,0,1,0,0,0,38.2,9,13,16.7,169,31,7.0,0.0,0,25,2,2,31,2.0,0,2,2.09,3.03,3.89,4.01,1.45,0.61
11284,조이현,1995년 06월 27일,우투좌타,송정동초-배재중-제주고,14 한화 2차 5라운드 47순위,2021,SSG,26,P,30,8,22,3,0,0,4,8,1,0,66.2,42,46,42.55,291,74,10.0,2.0,10,26,0,0,48,4.0,0,3,5.67,6.21,5.74,4.96,1.5,0.36
11303,이준영,1992년 08월 10일,좌투좌타,군산남초-군산중-군산상고-중앙대,15 KIA 2차 4라운드 42순위,2021,KIA,29,P,50,1,49,4,0,0,3,2,1,9,35.2,22,25,24.7,159,30,5.0,0.0,3,19,0,1,26,5.0,0,3,5.55,6.31,6.23,4.51,1.37,-0.19
11303,이준영,1992년 08월 10일,좌투좌타,군산남초-군산중-군산상고-중앙대,15 KIA 2차 4라운드 42순위,2022,KIA,30,P,75,0,75,8,0,0,1,1,1,17,46.1,15,17,16.2,202,41,8.0,0.0,3,26,0,3,42,5.0,0,0,2.91,3.3,3.15,3.89,1.45,1.24
11303,이준영,1992년 08월 10일,좌투좌타,군산남초-군산중-군산상고-중앙대,15 KIA 2차 4라운드 42순위,2023,KIA,31,P,64,0,64,4,0,0,1,0,0,10,33.2,12,12,12.65,149,26,3.0,1.0,0,23,2,2,30,3.0,0,1,3.21,3.21,3.38,3.74,1.46,0.85
11303,이준영,1992년 08월 10일,좌투좌타,군산남초-군산중-군산상고-중앙대,15 KIA 2차 4라운드 42순위,2024,KIA,32,P,56,0,56,5,0,0,4,0,0,9,35.0,15,21,22.15,160,37,8.0,0.0,5,17,2,3,33,4.0,0,0,3.86,5.4,5.7,5.04,1.54,0.32
11303,이준영,1992년 08월 10일,좌투좌타,군산남초-군산중-군산상고-중앙대,15 KIA 2차 4라운드 42순위,2025,KIA,33,P,57,0,57,5,0,0,3,1,0,7,34.0,18,18,22.95,145,36,10.0,0.0,6,11,1,2,34,4.0,0,1,4.76,4.76,6.08,4.55,1.38,-0.14
11318,엄상백,1996년 10월 04일,우언우타,역삼초-언북중-덕수고,15 KT 1차,2025,한화,29,P,28,16,12,0,0,0,2,7,0,1,80.2,59,60,59.85,379,106,18.0,3.0,13,38,8,0,74,0.0,0,3,6.58,6.69,6.68,5.37,1.79,-0.19
11364,김사윤,1994년 06월 08일,좌투좌타,광주화정초-무등중-화순고,13 SK 3라운드 28순위,2024,KIA,30,P,23,2,21,10,0,0,0,1,1,0,37.0,19,29,30.05,173,40,6.0,2.0,2,25,5,0,36,1.0,0,4,4.62,7.05,7.31,5.04,1.76,-0.08
11373,김택형,1996년 10월 10일,좌투좌타,창영초-재능중-동산고,15 넥센 2차 2라운드 18순위,2021,SSG,25,P,59,0,59,24,0,0,5,1,7,4,75.1,20,23,28.35,316,61,11.0,0.0,3,42,3,5,62,7.0,0,3,2.39,2.75,3.39,3.95,1.37,2.14
11373,김택형,1996년 10월 10일,좌투좌타,창영초-재능중-동산고,15 넥센 2차 2라운드 18순위,2022,SSG,26,P,64,0,64,24,0,0,3,5,17,10,60.1,33,33,32.15,261,57,9.0,0.0,8,22,3,1,62,2.0,0,6,4.92,4.92,4.8,4.03,1.31,0.63
11379,최원태,1997년 01월 07일,우투우타,인헌초-용산-경원중-서울고,15 넥센 1차,2023,LG,26,P,9,9,0,0,0,0,3,3,0,0,44.1,33,35,34.65,210,59,6.0,1.0,5,17,2,2,40,2.0,0,1,6.7,7.11,7.03,4.12,1.71,-0.21
11379,최원태,1997년 01월 07일,우투우타,인헌초-용산-경원중-서울고,15 넥센 1차,2024,LG,27,P,24,23,1,0,0,0,9,7,0,0,126.2,60,66,62.2,554,126,20.0,1.0,10,57,5,0,103,6.0,0,5,4.26,4.69,4.42,4.7,1.44,2.88
11410,김민우,1995년 07월 25일,우투우타,사파초-마산중-용마고,15 한화 2차 1라운드 1순위,2021,한화,26,P,29,28,1,0,0,0,14,10,0,0,155.1,69,71,66.2,662,131,23.0,1.0,15,76,7,1,125,5.0,1,5,4.0,4.11,3.84,4.56,1.33,3.86
11410,김민우,1995년 07월 25일,우투우타,사파초-마산중-용마고,15 한화 2차 1라운드 1순위,2022,한화,27,P,29,29,0,1,1,0,6,11,0,0,163.0,79,82,78.0,711,143,40.0,1.0,16,84,8,8,129,9.0,0,13,4.36,4.53,4.31,4.61,1.39,2.86
11410,김민우,1995년 07월 25일,우투우타,사파초-마산중-용마고,15 한화 2차 1라운드 1순위,2023,한화,28,P,12,12,0,0,0,0,1,6,0,0,51.2,40,43,42.5,243,65,16.0,2.0,6,28,2,0,43,2.0,0,5,6.97,7.49,7.4,4.95,1.8,-0.36
11411,김범수,1995년 10월 03일,좌투좌타,온양온천초-온양중-북일고,15 한화 1차,2021,한화,26,P,56,2,54,3,0,0,4,9,1,9,70.2,41,44,38.8,319,68,11.0,2.0,2,42,2,1,70,3.0,1,8,5.22,5.6,4.94,3.56,1.56,0.7
11411,김범수,1995년 10월 03일,좌투좌타,온양온천초-온양중-북일고,15 한화 1차,2022,한화,27,P,78,0,78,5,0,0,3,7,0,27,66.0,32,36,34.8,289,64,13.0,0.0,5,35,3,5,58,4.0,0,2,4.36,4.91,4.75,4.13,1.5,0.54
11411,김범수,1995년 10월 03일,좌투좌타,온양온천초-온양중-북일고,15 한화 1차,2023,한화,28,P,76,0,76,5,0,0,5,5,1,18,62.1,29,33,35.8,283,64,10.0,0.0,3,33,3,5,52,4.0,0,4,4.19,4.76,5.17,3.93,1.56,0.14
11411,김범수,1995년 10월 03일,좌투좌타,온양온천초-온양중-북일고,15 한화 1차,2024,한화,29,P,39,0,39,6,0,0,0,0,0,4,34.0,20,20,25.1,157,33,2.0,0.0,11,20,5,1,38,2.0,0,3,5.29,5.29,6.64,7.55,1.56,0.01
11411,김범수,1995년 10월 03일,좌투좌타,온양온천초-온양중-북일고,15 한화 1차,2025,한화,30,P,73,0,73,9,0,0,2,1,2,6,48.0,12,17,16.95,195,30,5.0,0.0,0,22,4,1,41,2.0,0,1,2.25,3.19,3.18,3.45,1.08,1.33
11415,주현상,1992년 08월 10일,우투우타,우암초-청주중-청주고-동아대,15 한화 2차 7라운드 64순위,2021,한화,29,P,43,0,43,6,0,0,2,2,0,4,50.1,20,21,24.6,218,46,6.0,3.0,6,21,1,2,33,3.0,0,6,3.58,3.75,4.4,4.78,1.33,0.81
11415,주현상,1992년 08월 10일,우투우타,우암초-청주중-청주고-동아대,15 한화 2차 7라운드 64순위,2022,한화,30,P,49,0,49,9,0,0,0,1,1,3,55.1,42,43,45.4,247,69,18.0,3.0,5,14,5,1,33,0.0,0,1,6.83,6.99,7.38,4.38,1.5,-0.94
11415,주현상,1992년 08월 10일,우투우타,우암초-청주중-청주고-동아대,15 한화 2차 7라운드 64순위,2023,한화,31,P,55,0,55,9,0,0,2,2,0,12,59.2,13,13,14.95,228,35,6.0,1.0,2,15,3,1,45,1.0,0,0,1.96,1.96,2.26,3.25,0.84,2.18
11415,주현상,1992년 08월 10일,우투우타,우암초-청주중-청주고-동아대,15 한화 2차 7라운드 64순위,2024,한화,32,P,65,0,65,51,0,0,8,4,23,2,71.1,21,22,24.75,267,52,8.0,2.0,9,8,1,0,64,0.0,0,1,2.65,2.78,3.12,3.89,0.84,2.8
11415,주현상,1992년 08월 10일,우투우타,우암초-청주중-청주고-동아대,15 한화 2차 7라운드 64순위,2025,한화,33,P,48,0,48,10,0,0,5,2,1,3,41.2,24,25,27.75,193,59,14.0,2.0,8,10,3,0,37,2.0,0,1,5.18,5.4,5.99,4.98,1.66,-0.12
12532,김대현,1997년 03월 08일,우투우타,홍연초-마포-홍은중-선린고,16 LG 1차,2024,LG,27,P,37,0,37,8,0,0,2,0,1,1,35.0,21,21,25.0,155,33,6.0,1.0,6,18,2,0,30,0.0,0,5,5.4,5.4,6.43,5.96,1.46,0.04
12537,전상현,1996년 04월 18일,우투우타,남도초-경복중-상원고,16 KIA 2차 4라운드 38순위,2022,KIA,26,P,50,0,50,6,0,0,5,5,2,16,46.1,17,20,18.65,195,42,10.0,0.0,2,16,0,2,53,3.0,0,2,3.3,3.88,3.62,2.37,1.25,1.07
12537,전상현,1996년 04월 18일,우투우타,남도초-경복중-상원고,16 KIA 2차 4라운드 38순위,2023,KIA,27,P,64,0,64,8,0,0,8,3,1,13,58.2,14,20,21.25,250,50,8.0,0.0,1,26,1,4,50,4.0,0,3,2.15,3.07,3.26,3.3,1.3,1.67
12537,전상현,1996년 04월 18일,우투우타,남도초-경복중-상원고,16 KIA 2차 4라운드 38순위,2024,KIA,28,P,66,0,66,16,0,0,10,5,7,19,66.0,30,32,33.75,272,55,7.0,2.0,5,20,5,1,54,1.0,0,2,4.09,4.36,4.6,4.25,1.14,1.4
12537,전상현,1996년 04월 18일,우투우타,남도초-경복중-상원고,16 KIA 2차 4라운드 38순위,2025,KIA,29,P,74,0,74,5,0,0,7,5,1,25,70.0,26,30,31.35,290,64,15.0,0.0,4,20,2,3,50,4.0,0,3,3.34,3.86,4.03,3.73,1.2,1.36
12538,서덕원,1993년 07월 12일,우투우타,청량중-장충고-건국대,16 KIA 2차 5라운드 43순위,2021,KIA,28,P,24,0,24,8,0,0,1,0,0,1,32.2,27,28,29.05,148,36,8.0,1.0,7,14,0,0,24,2.0,0,5,7.44,7.71,8.0,5.81,1.53,-0.45
12547,김재영,1993년 07월 22일,우언우타,방배초-영동중-서울고-홍익대,16 한화 2차 1라운드 2순위,2022,한화,29,P,30,1,29,6,0,0,0,2,0,1,30.0,18,25,26.9,137,33,13.0,0.0,1,12,7,2,16,1.0,0,2,5.4,7.5,8.07,4.6,1.5,-0.5
12561,정수민,1990년 04월 01일,우투우타,김해엔젤스-부산중-부산고,16 NC 2차 1라운드 8순위,2021,SSG,31,P,10,7,3,2,0,0,1,2,0,0,30.1,23,24,23.3,151,34,5.0,1.0,6,27,1,1,22,2.0,0,1,6.82,7.12,6.91,7.07,2.01,0.04
12697,배재준,1994년 11월 24일,우투우타,본리초-경상중-상원고,13 LG 2라운드 16순위,2021,LG,27,P,15,6,9,4,0,0,2,2,0,0,32.2,15,17,19.05,151,42,10.0,0.0,1,13,3,0,23,4.0,0,1,4.13,4.68,5.25,3.89,1.68,0.29
12697,배재준,1994년 11월 24일,우투우타,본리초-경상중-상원고,13 LG 2라운드 16순위,2022,LG,28,P,17,5,12,7,0,0,0,1,0,0,31.1,8,11,9.45,129,22,4.0,2.0,0,15,4,0,23,2.0,0,0,2.3,3.16,2.71,3.83,1.18,0.89
12871,박상원,1994년 09월 09일,우투우타,백운초-서울이수중-휘문고-연세대,17 한화 2차 3라운드 25순위,2023,한화,29,P,55,0,55,40,0,0,5,3,16,0,61.2,25,35,37.75,277,63,9.0,3.0,2,29,3,4,57,5.0,0,2,3.65,5.11,5.51,3.38,1.49,-0.21
12871,박상원,1994년 09월 09일,우투우타,백운초-서울이수중-휘문고-연세대,17 한화 2차 3라운드 25순위,2024,한화,30,P,65,0,65,9,0,0,3,3,2,16,66.2,34,38,38.25,278,57,18.0,0.0,2,22,7,0,65,3.0,0,8,4.59,5.13,5.16,3.54,1.19,0.91
12871,박상원,1994년 09월 09일,우투우타,백운초-서울이수중-휘문고-연세대,17 한화 2차 3라운드 25순위,2025,한화,31,P,74,0,74,1,0,0,4,3,0,16,66.2,31,35,35.35,294,67,14.0,1.0,4,21,8,0,52,4.0,0,4,4.19,4.73,4.77,4.07,1.32,0.73
12907,고우석,1998년 08월 06일,우투우타,갈산초-양천중-충암고,17 LG 1차,2021,LG,23,P,63,0,63,61,0,0,1,5,30,0,58.0,14,15,16.9,240,47,10.0,1.0,3,23,3,5,68,1.0,0,1,2.17,2.33,2.62,2.63,1.21,2.37
12907,고우석,1998년 08월 06일,우투우타,갈산초-양천중-충암고,17 LG 1차,2022,LG,24,P,61,0,61,57,0,0,4,2,42,0,60.2,10,12,13.85,240,37,7.0,1.0,6,21,1,4,80,4.0,0,5,1.48,1.78,2.05,2.69,0.96,2.78
12907,고우석,1998년 08월 06일,우투우타,갈산초-양천중-충암고,17 LG 1차,2023,LG,25,P,44,0,44,35,0,0,3,8,15,0,44.0,18,19,21.05,190,38,6.0,0.0,2,22,4,1,59,1.0,0,5,3.68,3.89,4.31,2.8,1.36,0.66
12908,손주영,1998년 12월 02일,좌투좌타,대현초-개성중-경남고,17 LG 2차 1라운드 2순위,2024,LG,26,P,28,27,1,0,0,0,9,10,0,1,144.2,61,71,65.3,637,157,16.0,0.0,11,54,10,0,112,9.0,0,6,3.79,4.42,4.06,4.62,1.46,3.78
12908,손주영,1998년 12월 02일,좌투좌타,대현초-개성중-경남고,17 LG 2차 1라운드 2순위,2025,LG,27,P,30,27,3,0,0,0,11,6,0,0,153.0,58,67,62.7,644,153,20.0,2.0,8,49,4,0,132,14.0,0,6,3.41,3.94,3.69,3.49,1.32,3.82
12913,박진태,1994년 10월 19일,우언우타,미성초-성남중-성남고-건국대,17 KIA 2차 2라운드 14순위,2021,KIA,27,P,59,0,59,10,0,0,3,3,0,9,65.0,43,44,44.9,305,68,10.0,0.0,6,36,13,0,45,3.0,0,5,5.95,6.09,6.22,5.47,1.6,-0.12
12944,김건국,1988년 02월 02일,우투우타,서부-청량중-덕수정보고,06 두산 2차 1라운드 6순위,2024,KIA,36,P,20,3,17,3,0,0,0,1,0,0,34.1,30,33,31.1,165,48,8.0,0.0,5,14,2,0,20,3.0,0,3,7.86,8.65,8.15,6.0,1.81,-0.29
12944,김건국,1988년 02월 02일,우투우타,서부-청량중-덕수정보고,06 두산 2차 1라운드 6순위,2025,KIA,37,P,26,6,20,6,0,0,0,3,0,1,46.0,35,38,40.45,216,59,9.0,0.0,11,17,5,0,31,3.0,0,3,6.85,7.43,7.91,6.61,1.65,-0.75
13003,이민우,1993년 02월 09일,우투우타,순천북초-순천이수중-효천고-경성대,15 KIA 1차,2021,KIA,28,P,16,12,4,1,1,0,1,6,0,0,57.0,51,53,51.25,275,78,12.0,3.0,8,31,5,0,28,3.0,1,2,8.05,8.37,8.09,6.17,1.91,-0.71
13003,이민우,1993년 02월 09일,우투우타,순천북초-순천이수중-효천고-경성대,15 KIA 1차,2022,한화,29,P,24,4,20,1,0,0,1,0,0,0,40.2,24,26,27.05,182,50,8.0,2.0,3,14,1,0,22,5.0,0,1,5.31,5.75,5.99,4.45,1.57,-0.01
13003,이민우,1993년 02월 09일,우투우타,순천북초-순천이수중-효천고-경성대,15 KIA 1차,2024,한화,31,P,64,0,64,7,0,0,2,1,1,10,55.0,23,25,31.35,235,56,10.0,2.0,5,23,1,0,49,2.0,0,1,3.76,4.09,5.13,4.48,1.44,0.84
13009,백승현,1995년 05월 26일,우투우타,소래초-상인천중-인천고,15 LG 2차 3라운드 30순위,2023,LG,28,P,42,0,42,5,0,0,2,0,3,11,40.0,7,7,7.35,162,28,4.0,0.0,2,18,0,1,30,3.0,0,1,1.58,1.58,1.65,3.89,1.15,1.94
13009,백승현,1995년 05월 26일,우투우타,소래초-상인천중-인천고,15 LG 2차 3라운드 30순위,2025,LG,30,P,33,0,33,9,0,0,1,0,0,2,30.0,13,13,17.1,146,28,3.0,1.0,2,28,1,1,27,2.0,0,3,3.9,3.9,5.13,5.45,1.87,0.16
13114,김유신,1999년 06월 14일,좌투좌타,화순초-청주중-세광고,18 KIA 2차 1라운드 6순위,2021,KIA,22,P,15,11,4,1,0,0,2,6,0,0,54.1,46,47,46.15,249,63,12.0,1.0,11,35,2,0,29,2.0,0,0,7.62,7.79,7.64,6.95,1.8,-0.53
13114,김유신,1999년 06월 14일,좌투좌타,화순초-청주중-세광고,18 KIA 2차 1라운드 6순위,2023,KIA,24,P,27,0,27,9,0,0,0,1,0,2,30.1,19,19,22.6,141,34,8.0,0.0,2,19,3,0,12,1.0,0,0,5.64,5.64,6.71,5.89,1.75,-0.25
13122,윤중현,1995년 04월 25일,우언우타,광주서석초-무등중-광주제일고-성균관대,18 KIA 2차 9라운드 86순위,2021,KIA,26,P,30,13,17,6,0,0,5,6,0,2,82.2,36,44,42.6,373,91,7.0,1.0,7,31,14,0,33,10.0,0,2,3.92,4.79,4.64,5.46,1.48,1.15
13122,윤중현,1995년 04월 25일,우언우타,광주서석초-무등중-광주제일고-성균관대,18 KIA 2차 9라운드 86순위,2022,KIA,27,P,47,0,47,4,0,0,3,1,0,5,53.2,30,32,30.65,240,63,8.0,0.0,4,14,5,0,27,5.0,0,1,5.03,5.37,5.14,4.51,1.43,0.19
13126,최민준,1999년 06월 11일,우투우타,수영초-경남중-경남고,18 SK 2차 2라운드 15순위,2021,SSG,22,P,38,12,26,3,0,0,3,3,0,4,86.0,56,56,55.45,398,93,17.0,0.0,11,50,7,0,62,2.0,1,5,5.86,5.86,5.8,5.54,1.66,0.59
13126,최민준,1999년 06월 11일,우투우타,수영초-경남중-경남고,18 SK 2차 2라운드 15순위,2022,SSG,23,P,51,1,50,10,0,0,5,4,0,5,68.1,30,37,36.8,288,51,8.0,1.0,10,34,2,2,48,8.0,0,7,3.95,4.87,4.85,5.4,1.24,0.65
13126,최민준,1999년 06월 11일,우투우타,수영초-경남중-경남고,18 SK 2차 2라운드 15순위,2023,SSG,24,P,53,0,53,6,0,0,5,3,1,7,60.0,28,29,34.7,262,75,10.0,2.0,7,19,1,1,37,2.0,0,2,4.2,4.35,5.21,4.68,1.57,0.22
13126,최민준,1999년 06월 11일,우투우타,수영초-경남중-경남고,18 SK 2차 2라운드 15순위,2024,SSG,25,P,32,0,32,3,0,0,1,0,0,0,39.1,34,36,41.2,202,61,9.0,1.0,9,24,3,1,40,2.0,0,1,7.78,8.24,9.43,6.53,2.16,-0.7
13126,최민준,1999년 06월 11일,우투우타,수영초-경남중-경남고,18 SK 2차 2라운드 15순위,2025,SSG,26,P,40,8,32,10,0,0,2,2,0,1,65.2,29,34,33.5,287,72,7.0,0.0,6,24,3,0,44,4.0,0,3,3.97,4.66,4.59,4.65,1.46,0.99
13167,김민,1999년 04월 14일,우투우타,숭의초-평촌중-유신고,18 KT 1차,2025,SSG,26,P,70,0,70,6,0,0,5,2,1,22,63.2,21,23,21.6,266,60,7.0,0.0,7,17,6,2,65,4.0,0,4,2.97,3.25,3.05,3.83,1.21,1.99
13228,한두솔,1997년 01월 15일,좌투좌타,광주수창초-진흥중-광주제일고,18 KT 육성선수,2024,SSG,27,P,69,0,69,8,0,0,2,1,0,3,59.1,33,40,35.9,273,62,10.0,2.0,3,31,3,2,68,5.0,0,1,5.01,6.07,5.45,3.69,1.57,0.71
13228,한두솔,1997년 01월 15일,좌투좌타,광주수창초-진흥중-광주제일고,18 KT 육성선수,2025,SSG,28,P,44,0,44,7,0,0,2,0,1,3,36.1,20,22,20.3,169,46,5.0,0.0,1,19,1,1,27,2.0,0,1,4.95,5.45,5.03,4.06,1.79,0.36
13245,이상규,1996년 10월 20일,우투우타,흥인초-청원중-청원고,15 LG 2차 7라운드 70순위,2024,한화,28,P,21,3,18,4,0,0,1,4,0,0,32.0,20,20,18.95,149,39,7.0,1.0,5,15,1,1,27,0.0,0,1,5.63,5.63,5.33,5.48,1.69,0.39
13934,켈리,1989년 10월 04일,우투우타,미국 Sarasota(고),19 LG 자유선발,2021,LG,32,P,30,30,0,0,0,0,13,8,0,0,177.0,62,64,63.15,744,160,25.0,0.0,12,60,11,3,142,7.0,1,7,3.15,3.25,3.21,3.76,1.24,5.22
13934,켈리,1989년 10월 04일,우투우타,미국 Sarasota(고),19 LG 자유선발,2022,LG,33,P,27,27,0,0,0,0,16,4,0,0,166.1,47,50,50.0,664,144,10.0,4.0,10,35,2,0,153,5.0,0,3,2.54,2.71,2.71,2.89,1.08,5.47
13934,켈리,1989년 10월 04일,우투우타,미국 Sarasota(고),19 LG 자유선발,2023,LG,34,P,30,30,0,0,0,0,10,7,0,0,178.2,76,87,81.9,746,183,31.0,3.0,10,39,6,1,129,7.0,0,6,3.83,4.38,4.13,3.49,1.24,3.37
13934,켈리,1989년 10월 04일,우투우타,미국 Sarasota(고),19 LG 자유선발,2024,LG,35,P,19,19,0,2,2,1,5,8,0,0,113.2,57,65,65.0,495,131,18.0,1.0,13,25,6,0,69,4.0,0,9,4.51,5.15,5.15,4.95,1.37,1.85
14128,김도현,2000년 09월 15일,우투우타,동대문-잠신중-신일고,19 한화 2차 4라운드 33순위,2024,KIA,24,P,35,10,25,6,0,0,4,6,0,3,75.0,41,45,45.85,345,87,11.0,1.0,9,31,9,0,59,2.0,0,4,4.92,5.4,5.5,5.4,1.57,1.01
14128,김도현,2000년 09월 15일,우투우타,동대문-잠신중-신일고,19 한화 2차 4라운드 33순위,2025,KIA,25,P,24,24,0,0,0,0,4,7,0,0,125.1,67,79,75.75,561,149,28.0,4.0,11,33,10,0,71,11.0,1,5,4.81,5.67,5.44,4.64,1.45,0.97
14129,박윤철,1996년 03월 23일,우투우타,방배초-언북중-서울고-연세대,19 한화 2차 10라운드 93순위,2022,한화,26,P,11,7,4,2,0,0,0,3,0,0,33.1,17,22,21.7,164,41,7.0,0.0,5,23,2,0,16,2.0,1,2,4.59,5.94,5.86,6.69,1.92,0.07
14134,이정용,1996년 03월 26일,우투좌타,영일초-성남중-성남고-동아대,19 LG 1차,2021,LG,25,P,66,0,66,5,0,0,3,3,0,15,69.2,23,25,28.2,284,55,13.0,2.0,4,23,1,1,74,3.0,0,0,2.97,3.23,3.64,2.82,1.12,1.49
14134,이정용,1996년 03월 26일,우투좌타,영일초-성남중-성남고-동아대,19 LG 1차,2022,LG,26,P,65,0,65,7,0,0,4,4,1,22,59.1,22,26,29.45,250,53,12.0,1.0,3,18,2,3,40,3.0,0,3,3.34,3.94,4.47,3.75,1.2,0.62
14134,이정용,1996년 03월 26일,우투좌타,영일초-성남중-성남고-동아대,19 LG 1차,2023,LG,27,P,37,13,24,9,0,0,7,2,3,1,86.2,40,45,46.4,382,100,20.0,1.0,5,19,2,0,50,9.0,0,3,4.15,4.67,4.82,3.84,1.37,0.9
14134,이정용,1996년 03월 26일,우투좌타,영일초-성남중-성남고-동아대,19 LG 1차,2025,LG,29,P,39,0,39,3,0,0,6,1,1,7,34.0,19,19,16.05,139,32,3.0,1.0,3,12,2,0,26,0.0,0,0,5.03,5.03,4.25,4.37,1.29,0.57
14135,이상영,2000년 12월 03일,좌투좌타,수영초-개성중-부산고,19 LG 2차 1라운드 5순위,2021,LG,21,P,21,9,12,8,0,0,1,1,0,0,50.0,24,28,27.5,228,48,8.0,0.0,7,32,8,0,30,3.0,0,3,4.32,5.04,4.95,6.41,1.6,0.5
14136,정우영,1999년 08월 19일,우언우타,가평초-강남중-서울고,19 LG 2차 2라운드 15순위,2021,LG,22,P,70,0,70,6,0,0,7,3,2,27,65.0,16,16,19.6,263,43,9.0,0.0,0,26,8,1,41,3.0,0,2,2.22,2.22,2.71,3.76,1.06,2.44
14136,정우영,1999년 08월 19일,우언우타,가평초-강남중-서울고,19 LG 2차 2라운드 15순위,2022,LG,23,P,67,0,67,3,0,0,2,3,0,35,58.0,17,18,24.8,248,48,3.0,2.0,3,32,6,5,40,3.0,0,0,2.64,2.79,3.85,4.49,1.38,1.18
14136,정우영,1999년 08월 19일,우언우타,가평초-강남중-서울고,19 LG 2차 2라운드 15순위,2023,LG,24,P,60,0,60,3,0,0,5,6,0,11,51.2,27,39,37.45,245,63,11.0,0.0,1,17,15,1,41,5.0,1,2,4.7,6.79,6.52,3.96,1.55,-0.72
14142,임준형,2000년 11월 16일,좌투좌타,광주서석초-진흥중-진흥고,19 LG 2차 8라운드 75순위,2022,LG,22,P,10,5,5,1,0,0,1,3,0,1,30.0,20,22,20.8,140,36,4.0,0.0,2,14,3,0,26,2.0,0,1,6.0,6.6,6.24,4.17,1.67,-0.07
14143,이지강,1999년 07월 02일,우투우타,수원북중-소래고,19 LG 2차 9라운드 85순위,2023,LG,24,P,22,12,10,5,0,0,2,5,0,2,68.0,30,45,43.45,299,60,9.0,0.0,4,28,9,0,38,7.0,0,3,3.97,5.96,5.75,4.84,1.29,0.21
14143,이지강,1999년 07월 02일,우투우타,수원북중-소래고,19 LG 2차 9라운드 85순위,2024,LG,25,P,46,2,44,6,0,0,2,3,1,1,53.2,27,35,38.75,250,61,9.0,0.0,5,26,2,0,39,5.0,0,5,4.53,5.87,6.5,5.19,1.62,0.0
14143,이지강,1999년 07월 02일,우투우타,수원북중-소래고,19 LG 2차 9라운드 85순위,2025,LG,26,P,43,1,42,7,0,0,1,2,3,4,47.1,28,29,31.6,211,50,9.0,2.0,4,24,1,0,39,2.0,1,1,5.32,5.51,6.01,4.55,1.56,-0.04
14145,백승건,2000년 10월 29일,좌투좌타,동막초-상인천중-인천고,19 SK 1차,2023,SSG,23,P,25,2,23,3,0,0,2,2,0,3,38.0,21,24,21.75,170,41,5.0,0.0,7,17,0,0,29,2.0,0,0,4.97,5.68,5.15,5.52,1.53,0.25
14162,김현수,2000년 07월 10일,우투우타,효제초-홍은중-장충고,19 롯데 2차 3라운드 28순위,2021,KIA,21,P,17,8,9,7,0,0,1,4,0,0,45.2,40,43,42.55,229,57,16.0,0.0,8,36,3,0,27,1.0,0,1,7.88,8.47,8.39,7.02,2.04,-0.58
14176,김기훈,2000년 01월 03일,좌투좌타,광주수창초-무등중-광주동성고,19 KIA 1차,2023,KIA,23,P,29,0,29,12,0,0,2,0,0,0,31.1,16,22,23.55,156,28,6.0,1.0,0,37,2,1,26,3.0,1,5,4.6,6.32,6.76,5.53,2.07,-0.31
14196,윤산흠,1999년 05월 15일,우투우타,광주화정초-진흥중-영선고,19 두산 육성선수,2022,한화,23,P,37,0,37,7,0,0,1,1,0,3,33.2,10,12,11.45,155,23,7.0,0.0,1,30,2,4,46,5.0,0,6,2.67,3.21,3.06,3.48,1.57,0.93
14581,오원석,2001년 04월 23일,좌투좌타,수진초-매송중-야탑고,20 SK 1차,2021,SSG,20,P,33,21,12,2,0,0,7,6,0,2,110.0,72,84,84.35,530,125,20.0,3.0,11,73,10,1,95,8.0,1,2,5.89,6.87,6.9,5.14,1.8,-0.29
14581,오원석,2001년 04월 23일,좌투좌타,수진초-매송중-야탑고,20 SK 1차,2022,SSG,21,P,31,24,7,0,0,0,6,8,0,0,144.0,72,79,72.75,633,158,21.0,2.0,16,58,3,1,112,9.0,0,7,4.5,4.94,4.55,4.48,1.5,2.11
14581,오원석,2001년 04월 23일,좌투좌타,수진초-매송중-야탑고,20 SK 1차,2023,SSG,22,P,28,27,1,1,1,0,8,10,0,0,144.2,84,92,88.25,648,158,22.0,2.0,11,69,9,0,88,10.0,0,11,5.23,5.72,5.49,4.9,1.57,1.06
14581,오원석,2001년 04월 23일,좌투좌타,수진초-매송중-야탑고,20 SK 1차,2024,SSG,23,P,29,25,4,1,0,0,6,9,0,1,121.2,68,72,68.7,550,122,14.0,1.0,17,65,13,1,112,6.0,0,3,5.03,5.33,5.08,5.62,1.54,2.31
14582,킹험,1991년 11월 08일,우투우타,미국 Sierra Vista(고),20 SK 자유선발,2021,한화,30,P,25,25,0,0,0,0,10,8,0,0,144.0,51,58,57.5,591,117,22.0,0.0,11,41,5,1,131,10.0,2,4,3.19,3.63,3.59,3.39,1.1,4.05
14588,김윤식,2000년 04월 03일,좌투좌타,광주서석초-무등중-진흥고,20 LG 2차 1라운드 3순위,2021,LG,21,P,35,3,32,0,0,0,7,4,0,1,66.2,33,37,37.55,301,65,9.0,2.0,3,36,6,2,56,3.0,2,0,4.46,5.0,5.07,4.11,1.52,0.44
14588,김윤식,2000년 04월 03일,좌투좌타,광주서석초-무등중-진흥고,20 LG 2차 1라운드 3순위,2022,LG,22,P,23,23,0,0,0,0,8,5,0,0,114.1,42,46,43.6,483,125,22.0,1.0,5,27,1,2,81,8.0,0,4,3.31,3.62,3.43,3.29,1.33,2.83
14588,김윤식,2000년 04월 03일,좌투좌타,광주서석초-무등중-진흥고,20 LG 2차 1라운드 3순위,2023,LG,23,P,17,16,1,0,0,0,6,4,0,0,74.2,35,35,33.45,320,86,13.0,2.0,4,25,3,0,42,1.0,0,4,4.22,4.22,4.03,4.24,1.49,1.44
14589,이민호,2001년 08월 30일,우투우타,서울학동초-대치중-휘문고,20 LG 1차,2021,LG,20,P,25,22,3,0,0,0,8,9,0,0,115.0,55,58,54.75,477,89,17.0,0.0,13,45,14,1,100,3.0,0,6,4.3,4.54,4.28,4.53,1.17,2.01
14589,이민호,2001년 08월 30일,우투우타,서울학동초-대치중-휘문고,20 LG 1차,2022,LG,21,P,26,26,0,0,0,0,12,8,0,0,119.1,73,77,72.9,540,146,23.0,5.0,14,43,7,0,73,3.0,0,9,5.51,5.81,5.5,4.95,1.58,0.43
14608,정해영,2001년 08월 23일,우투우타,대성초-광주동성중-광주제일고,20 KIA 1차,2021,KIA,20,P,64,0,64,58,0,0,5,4,34,0,65.1,16,18,22.8,272,49,10.0,0.0,5,28,4,1,49,2.0,0,1,2.2,2.48,3.14,4.27,1.18,2.41
14608,정해영,2001년 08월 23일,우투우타,대성초-광주동성중-광주제일고,20 KIA 1차,2022,KIA,21,P,55,0,55,47,0,0,3,7,32,0,56.0,21,21,22.05,238,54,12.0,1.0,3,18,0,1,43,4.0,0,0,3.38,3.38,3.54,3.44,1.29,1.51
14608,정해영,2001년 08월 23일,우투우타,대성초-광주동성중-광주제일고,20 KIA 1차,2023,KIA,22,P,52,0,52,40,0,0,3,4,23,1,49.1,16,18,19.55,218,53,9.0,1.0,3,20,1,3,30,2.0,0,0,2.92,3.28,3.57,4.25,1.48,1.3
14608,정해영,2001년 08월 23일,우투우타,대성초-광주동성중-광주제일고,20 KIA 1차,2024,KIA,23,P,53,0,53,44,0,0,2,3,31,1,50.2,14,14,16.9,210,47,5.0,1.0,8,16,1,2,50,1.0,0,0,2.49,2.49,3.0,4.65,1.24,2.2
14608,정해영,2001년 08월 23일,우투우타,대성초-광주동성중-광주제일고,20 KIA 1차,2025,KIA,24,P,60,0,60,50,0,0,3,7,27,0,61.2,26,30,31.35,275,75,13.0,0.0,4,18,3,1,72,3.0,0,1,3.79,4.38,4.58,2.86,1.51,0.7
14610,브룩스,1990년 04월 27일,우투우타,미국 Cajon(고)-미국 California State(대),20 KIA 자유선발,2021,KIA,31,P,13,13,0,0,0,0,3,5,0,0,78.0,29,34,32.1,333,93,12.0,1.0,4,16,1,0,55,4.0,0,0,3.35,3.92,3.7,3.29,1.4,1.99
14619,남지민,2001년 02월 12일,우투우타,양정초-개성중-부산정보고,20 한화 2차 1라운드 8순위,2022,한화,21,P,22,20,2,1,0,0,2,11,0,0,89.0,63,68,64.75,418,109,19.0,1.0,9,45,3,0,41,3.0,0,5,6.37,6.88,6.55,5.51,1.73,-0.19
14619,남지민,2001년 02월 12일,우투우타,양정초-개성중-부산정보고,20 한화 2차 1라운드 8순위,2023,한화,22,P,16,7,9,5,0,0,1,7,0,0,37.2,27,31,30.15,186,54,12.0,0.0,0,13,6,1,23,5.0,0,3,6.45,7.41,7.2,3.8,1.78,-0.32
14621,한승주,2001년 03월 17일,우투우타,수영초-대천중-부산고,20 한화 2차 2라운드 18순위,2023,한화,22,P,47,6,41,12,0,0,1,4,0,2,70.2,31,34,37.65,320,81,16.0,2.0,6,31,4,2,55,1.0,0,5,3.95,4.33,4.8,4.45,1.58,0.67
14669,유영찬,1997년 03월 07일,우투우타,안산-배명중-배명고-건국대,20 LG 2차 5라운드 43순위,2023,LG,26,P,67,0,67,10,0,0,6,3,1,12,68.0,26,27,28.05,305,55,14.0,1.0,4,40,7,2,55,4.0,0,8,3.44,3.57,3.71,4.67,1.4,1.35
14669,유영찬,1997년 03월 07일,우투우타,안산-배명중-배명고-건국대,20 LG 2차 5라운드 43순위,2024,LG,27,P,62,0,62,50,0,0,7,5,26,1,63.2,21,24,35.5,286,61,15.0,0.0,2,30,3,3,77,3.0,2,5,2.97,3.39,5.02,3.14,1.43,0.89
14669,유영찬,1997년 03월 07일,우투우타,안산-배명중-배명고-건국대,20 LG 2차 5라운드 43순위,2025,LG,28,P,39,0,39,35,0,0,2,2,21,1,41.0,12,14,17.95,177,31,7.0,0.0,2,23,3,3,52,2.0,0,3,2.63,3.07,3.94,3.2,1.32,0.92
14687,박시후,2001년 05월 10일,좌투좌타,상인천초-상인천중-인천고,20 SK 2차 10라운드 100순위,2025,SSG,24,P,52,1,51,6,0,0,6,2,0,3,52.1,19,24,29.45,231,45,3.0,0.0,5,29,5,1,34,5.0,1,0,3.27,4.13,5.06,5.45,1.41,0.38
14708,강재민,1997년 04월 03일,우언우타,양덕초-마산중-용마고-단국대,20 한화 2차 4라운드 38순위,2021,한화,24,P,58,0,58,18,0,0,2,1,5,13,63.1,15,16,22.6,269,51,13.0,0.0,2,26,5,3,55,4.0,1,1,2.13,2.27,3.21,3.39,1.22,1.97
14708,강재민,1997년 04월 03일,우언우타,양덕초-마산중-용마고-단국대,20 한화 2차 4라운드 38순위,2022,한화,25,P,56,0,56,24,0,0,4,8,7,7,51.1,24,26,28.7,232,44,5.0,1.0,7,29,4,8,39,2.0,0,1,4.21,4.56,5.03,5.08,1.42,0.3
14708,강재민,1997년 04월 03일,우언우타,양덕초-마산중-용마고-단국대,20 한화 2차 4라운드 38순위,2023,한화,26,P,43,0,43,2,0,0,1,3,0,12,43.1,31,31,31.25,189,35,10.0,1.0,5,19,8,0,42,1.0,0,0,6.44,6.44,6.49,4.73,1.25,-0.67
14747,김재열,1996년 01월 02일,우투우타,양정초-개성중-부산고,14 롯데 2차 7라운드 71순위,2021,KIA,25,P,24,0,24,10,0,0,1,0,0,0,32.2,14,18,19.55,152,28,4.0,0.0,4,18,4,0,18,5.0,2,1,3.86,4.96,5.39,5.93,1.41,0.22
14747,김재열,1996년 01월 02일,우투우타,양정초-개성중-부산고,14 롯데 2차 7라운드 71순위,2022,KIA,26,P,47,0,47,15,0,0,1,2,1,5,43.0,29,33,32.15,193,45,10.0,2.0,5,22,1,2,36,3.0,0,3,6.07,6.91,6.73,4.66,1.56,-0.38
14753,수아레즈,1992년 09월 11일,좌투좌타,미국 Miami(대),21 LG 자유선발,2021,LG,29,P,23,22,1,0,0,0,10,2,0,0,115.1,28,33,33.0,473,91,16.0,2.0,4,41,4,0,126,6.0,0,2,2.18,2.58,2.58,2.66,1.14,4.23
14755,멩덴,1993년 02월 19일,우투우타,미국 Texas A&M(대),21 KIA 자유선발,2021,KIA,28,P,21,21,0,0,0,0,8,3,0,0,120.0,48,53,51.95,502,109,18.0,2.0,12,35,8,0,104,7.0,3,2,3.6,3.97,3.9,3.9,1.2,2.86
14759,폰트,1990년 05월 24일,우투우타,베네수엘라 E.B.Guaracaru mbo(중)-베네수엘라 Lic.Armando Reveron(고),21 SK 자유선발,2021,SSG,31,P,25,25,0,0,0,0,8,5,0,0,145.2,56,66,66.0,604,114,22.0,1.0,12,45,6,1,157,11.0,1,2,3.46,4.08,4.08,3.12,1.09,3.5
14759,폰트,1990년 05월 24일,우투우타,베네수엘라 E.B.Guaracaru mbo(중)-베네수엘라 Lic.Armando Reveron(고),21 SK 자유선발,2022,SSG,32,P,28,28,0,1,1,0,13,6,0,0,184.0,55,63,63.0,729,141,22.0,3.0,18,34,6,1,170,7.0,0,5,2.69,3.08,3.08,3.31,0.95,5.78
14760,카펜터,1990년 08월 22일,좌투좌타,미국 Gonzaga(대),21 한화 자유선발,2021,한화,31,P,31,30,1,0,0,0,5,12,0,0,170.0,75,90,87.75,746,150,21.0,3.0,16,72,19,0,179,16.0,1,7,3.97,4.76,4.65,3.91,1.31,2.74
14788,이의리,2002년 06월 16일,좌투좌타,수창초-충장중-광주제일고,21 KIA 1차,2021,KIA,19,P,19,19,0,0,0,0,4,5,0,0,94.2,38,42,41.0,404,69,11.0,0.0,6,56,2,0,93,6.0,0,5,3.61,3.99,3.9,3.96,1.32,2.42
14788,이의리,2002년 06월 16일,좌투좌타,수창초-충장중-광주제일고,21 KIA 1차,2022,KIA,20,P,29,28,1,0,0,0,10,10,0,0,154.0,66,79,78.8,671,128,26.0,4.0,18,74,9,0,161,10.0,0,7,3.86,4.62,4.61,4.23,1.31,2.21
14788,이의리,2002년 06월 16일,좌투좌타,수창초-충장중-광주제일고,21 KIA 1차,2023,KIA,21,P,28,28,0,0,0,0,11,7,0,0,131.2,58,64,57.45,598,103,18.0,0.0,4,93,8,1,156,12.0,0,10,3.96,4.37,3.93,3.63,1.49,2.85
14788,이의리,2002년 06월 16일,좌투좌타,수창초-충장중-광주제일고,21 KIA 1차,2025,KIA,23,P,10,10,0,0,0,0,1,4,0,0,39.2,35,37,34.25,193,41,9.0,3.0,6,31,3,0,42,2.0,0,1,7.94,8.39,7.77,5.81,1.82,-0.36
14803,김건우,2002년 07월 12일,좌투좌타,인천서구-동산중-제물포고,21 SK 1차,2025,SSG,23,P,35,13,22,5,0,0,5,4,0,2,66.0,28,31,30.3,301,53,14.0,0.0,2,49,7,1,68,5.0,0,4,3.82,4.23,4.13,4.37,1.55,1.35
14804,장지훈,1998년 12월 06일,우투우타,김해삼성초-김해내동중-김해고-동의대,21 SK 2차 4라운드 38순위,2021,SSG,23,P,60,0,60,6,0,0,2,5,1,10,80.1,35,40,37.9,342,84,12.0,2.0,6,19,4,1,51,5.0,1,1,3.92,4.48,4.25,3.96,1.28,1.47
14804,장지훈,1998년 12월 06일,우투우타,김해삼성초-김해내동중-김해고-동의대,21 SK 2차 4라운드 38순위,2022,SSG,24,P,40,0,40,12,0,0,2,0,0,6,55.0,26,26,30.65,231,56,8.0,2.0,6,11,3,2,33,3.0,0,4,4.25,4.25,5.02,4.37,1.22,0.44
14805,조병현,2002년 05월 08일,우투우타,온양온천초-세광중-세광고,21 SK 2차 3라운드 28순위,2024,SSG,22,P,76,0,76,27,0,0,4,6,12,12,73.0,29,34,32.65,302,52,10.0,0.0,8,31,2,3,96,5.0,0,5,3.58,4.19,4.03,3.61,1.14,2.11
14805,조병현,2002년 05월 08일,우투우타,온양온천초-세광중-세광고,21 SK 2차 3라운드 28순위,2025,SSG,23,P,69,0,69,55,0,0,5,4,30,0,67.1,12,13,15.25,255,42,7.0,0.0,5,18,0,2,79,0.0,0,1,1.6,1.74,2.04,2.63,0.89,3.37
14808,김기중,2002년 11월 16일,좌투좌타,부곡초-매송중-유신고,21 한화 2차 1라운드 2순위,2021,한화,19,P,15,12,3,0,0,0,2,4,0,0,53.2,28,32,32.0,260,63,10.0,1.0,4,36,4,2,36,3.0,2,0,4.7,5.37,5.37,5.29,1.84,0.45
14808,김기중,2002년 11월 16일,좌투좌타,부곡초-매송중-유신고,21 한화 2차 1라운드 2순위,2023,한화,21,P,37,6,31,6,0,0,1,3,0,1,56.1,29,33,29.2,253,58,9.0,3.0,4,29,9,1,46,2.0,0,2,4.63,5.27,4.67,4.69,1.54,0.67
14808,김기중,2002년 11월 16일,좌투좌타,부곡초-매송중-유신고,21 한화 2차 1라운드 2순위,2024,한화,22,P,27,11,16,4,0,0,5,4,0,0,59.0,43,44,42.6,286,83,12.0,1.0,8,27,6,0,39,2.0,0,2,6.56,6.71,6.5,5.98,1.86,0.21
14809,배동현,1998년 03월 16일,우투좌타,양평-언북중-경기고-한일장신대,21 한화 2차 5라운드 42순위,2021,한화,23,P,20,4,16,2,0,0,1,3,0,0,38.0,19,21,21.0,177,34,9.0,1.0,3,25,4,0,26,1.0,2,1,4.5,4.97,4.97,5.36,1.55,0.36
14846,송승기,2002년 04월 10일,좌투좌타,삼일초-매향중-야탑고,21 LG 2차 9라운드 87순위,2025,LG,23,P,28,27,1,0,0,0,11,6,0,0,144.0,56,61,59.75,629,149,25.0,1.0,15,49,1,0,125,7.0,0,2,3.5,3.81,3.73,4.1,1.38,3.55
14871,김규연,2002년 08월 23일,우투우타,수원영통-매향중-공주고,21 한화 2차 8라운드 72순위,2024,한화,22,P,58,1,57,12,0,0,1,0,0,4,59.0,46,50,46.95,270,66,10.0,1.0,6,28,4,1,40,3.0,0,3,7.02,7.63,7.16,5.48,1.59,-0.09
14896,가빌리오,1990년 05월 22일,우투우타,-,21 SSG 자유선발,2021,SSG,31,P,15,15,0,0,0,0,6,4,0,0,81.1,53,54,51.95,351,88,18.0,0.0,7,30,6,1,70,1.0,0,3,5.86,5.98,5.75,3.97,1.45,0.67
14994,다카하시,1997년 01월 23일,우투우타,-,21 KIA 자유선발,2021,KIA,24,P,7,7,0,0,0,0,1,3,0,0,36.2,20,22,22.0,168,46,4.0,0.0,4,12,4,0,46,2.0,0,4,4.91,5.4,5.4,3.28,1.58,0.35
14997,로니,1996년 01월 06일,우투우타,미국 American Senior(고),22 KIA 자유선발,2022,KIA,26,P,10,9,1,0,0,0,3,3,0,0,44.1,29,36,32.4,208,47,7.0,1.0,7,28,3,0,32,4.0,1,2,5.89,7.31,6.58,6.03,1.69,-0.12
14998,놀린,1989년 12월 26일,좌투좌타,미국 Seaford(고)-미국 San Jacinto(대),22 KIA 자유선발,2022,KIA,33,P,21,21,0,0,0,0,8,8,0,0,124.0,34,41,40.0,512,115,19.0,2.0,7,24,8,1,108,9.0,1,4,2.47,2.98,2.9,3.05,1.12,4.11
15003,플럿코,1991년 10월 03일,우투우타,미국 UCLA(대),22 LG 자유선발,2022,LG,31,P,28,28,0,0,0,0,15,5,0,0,162.0,43,53,50.6,644,125,18.0,2.0,13,38,2,2,149,10.0,0,5,2.39,2.94,2.81,3.19,1.01,5.29
15003,플럿코,1991년 10월 03일,우투우타,미국 UCLA(대),22 LG 자유선발,2023,LG,32,P,21,21,0,0,0,0,11,3,0,0,123.1,33,37,37.0,510,115,21.0,3.0,5,31,3,1,101,6.0,0,2,2.41,2.7,2.7,3.14,1.18,4.44
15007,노바,1987년 01월 12일,우투우타,도미니카 Lic. Vespertino(고),22 SSG 자유선발,2022,SSG,35,P,12,12,0,0,0,0,3,4,0,0,63.2,46,50,49.15,291,78,10.0,2.0,5,25,5,0,32,8.0,1,9,6.5,7.07,6.95,4.92,1.62,-0.37
15013,문동주,2003년 12월 23일,우투우타,광주화정초-무등중-진흥고,22 한화 1차,2023,한화,20,P,23,23,0,0,0,0,8,8,0,0,118.2,49,52,49.95,503,113,20.0,2.0,6,42,4,0,95,2.0,1,5,3.72,3.94,3.79,3.65,1.31,2.67
15013,문동주,2003년 12월 23일,우투우타,광주화정초-무등중-진흥고,22 한화 1차,2024,한화,21,P,21,21,0,0,0,0,7,7,0,0,111.1,64,71,69.6,502,148,25.0,3.0,14,38,4,1,96,4.0,1,8,5.17,5.74,5.63,4.78,1.67,1.44
15013,문동주,2003년 12월 23일,우투우타,광주화정초-무등중-진흥고,22 한화 1차,2025,한화,22,P,24,23,1,2,1,0,11,5,0,0,121.0,54,57,55.8,501,112,16.0,5.0,7,31,3,0,135,2.0,0,11,4.02,4.24,4.15,2.72,1.18,2.53
15032,전영준,2002년 04월 16일,우투우타,부곡초-휘문중-대구고,22 SSG 2차 9라운드 82순위,2025,SSG,23,P,34,5,29,6,0,0,1,5,0,0,52.2,27,28,26.5,228,48,9.0,0.0,5,26,5,1,55,2.0,0,3,4.61,4.78,4.53,4.26,1.41,0.75
15057,최지민,2003년 09월 10일,좌투좌타,강릉-경포중-강릉고,22 KIA 2차 1라운드 5순위,2023,KIA,20,P,58,0,58,15,0,0,6,3,3,12,59.1,14,17,29.4,244,45,4.0,2.0,4,26,4,1,44,5.0,0,5,2.12,2.58,4.46,4.31,1.2,0.75
15057,최지민,2003년 09월 10일,좌투좌타,강릉-경포중-강릉고,22 KIA 2차 1라운드 5순위,2024,KIA,21,P,56,0,56,4,0,0,3,3,3,12,46.0,26,28,29.9,225,44,10.0,1.0,2,40,4,0,37,4.0,0,6,5.09,5.48,5.85,5.8,1.83,0.29
15057,최지민,2003년 09월 10일,좌투좌타,강릉-경포중-강릉고,22 KIA 2차 1라운드 5순위,2025,KIA,22,P,66,0,66,10,0,0,2,4,0,9,53.1,39,40,35.15,253,46,7.0,1.0,5,51,4,0,39,3.0,0,4,6.58,6.75,5.93,6.51,1.82,-0.15
15063,황동하,2002년 07월 30일,우투우타,진북초-전라중-인상고,22 KIA 2차 7라운드 65순위,2023,KIA,21,P,13,6,7,1,0,0,0,3,0,0,31.1,23,25,22.95,149,35,6.0,3.0,5,21,1,0,19,2.0,0,1,6.61,7.18,6.59,6.41,1.79,-0.12
15063,황동하,2002년 07월 30일,우투우타,진북초-전라중-인상고,22 KIA 2차 7라운드 65순위,2024,KIA,22,P,25,21,4,4,0,0,5,7,0,0,103.1,51,64,59.55,464,109,18.0,0.0,13,44,8,0,81,7.0,0,5,4.44,5.57,5.19,5.38,1.48,1.78
15063,황동하,2002년 07월 30일,우투우타,진북초-전라중-인상고,22 KIA 2차 7라운드 65순위,2025,KIA,23,P,18,3,15,3,0,0,1,2,0,0,35.2,21,21,22.7,155,38,14.0,1.0,4,10,3,0,31,1.0,0,0,5.3,5.3,5.73,4.25,1.35,0.06
15145,라미레즈,1993년 11월 28일,우투우타,-,22 한화 자유선발,2022,한화,29,P,13,13,0,0,0,0,2,6,0,0,65.1,30,33,30.95,285,52,6.0,0.0,4,37,7,0,47,4.0,1,0,4.13,4.55,4.26,4.8,1.36,1.13
15146,페냐,1990년 02월 25일,우투우타,-,22 한화 자유선발,2022,한화,32,P,13,13,0,0,0,0,5,4,0,0,67.2,28,33,30.95,293,63,10.0,2.0,4,30,4,0,72,4.0,0,4,3.72,4.39,4.12,3.39,1.37,1.31
15146,페냐,1990년 02월 25일,우투우타,-,22 한화 자유선발,2023,한화,33,P,32,32,0,0,0,0,11,11,0,0,177.1,71,82,79.25,751,149,28.0,5.0,14,59,18,1,147,13.0,4,16,3.6,4.16,4.02,4.06,1.17,3.7
15146,페냐,1990년 02월 25일,우투우타,-,22 한화 자유선발,2024,한화,34,P,9,9,0,0,0,0,3,5,0,0,37.1,26,28,27.3,171,41,6.0,0.0,6,20,0,0,29,1.0,0,1,6.27,6.75,6.58,5.92,1.63,0.18
15147,파노니,1994년 04월 28일,좌투좌타,-,22 KIA 자유선발,2022,KIA,28,P,14,14,0,0,0,0,3,4,0,0,82.2,25,33,29.4,348,78,6.0,1.0,5,24,2,0,73,7.0,0,5,2.72,3.59,3.2,3.27,1.23,2.44
15147,파노니,1994년 04월 28일,좌투좌타,-,22 KIA 자유선발,2023,KIA,29,P,16,15,1,0,0,0,6,3,0,0,82.1,39,41,36.9,351,86,14.0,1.0,6,23,2,0,66,4.0,0,0,4.26,4.48,4.03,3.65,1.32,1.77
15149,모리만도,1992년 11월 20일,좌투좌타,-,22 SSG 자유선발,2022,SSG,30,P,12,12,0,0,0,0,7,1,0,0,75.1,14,19,19.0,304,57,8.0,0.0,2,23,4,0,67,5.0,0,2,1.67,2.27,2.27,2.99,1.06,3.09
15421,김서현,2004년 05월 31일,우투우타,효제초-자양중-서울고,23 한화 1라운드 1순위,2024,한화,20,P,37,0,37,5,0,0,1,2,0,10,38.1,16,20,20.15,178,31,6.0,2.0,0,32,4,0,43,2.0,0,3,3.76,4.7,4.73,4.43,1.64,0.59
15421,김서현,2004년 05월 31일,우투우타,효제초-자양중-서울고,23 한화 1라운드 1순위,2025,한화,21,P,69,0,69,52,0,0,2,4,33,2,66.0,23,23,25.75,280,52,7.0,3.0,4,31,8,3,71,1.0,0,7,3.14,3.14,3.51,3.7,1.26,1.99
15432,윤영철,2004년 04월 20일,좌투좌타,서대문구-충암중-충암고,23 KIA 1라운드 2순위,2023,KIA,19,P,25,24,1,0,0,0,8,7,0,0,122.2,55,59,56.05,528,124,27.0,3.0,10,48,1,1,74,5.0,1,4,4.04,4.33,4.11,4.55,1.4,2.45
15432,윤영철,2004년 04월 20일,좌투좌타,서대문구-충암중-충암고,23 KIA 1라운드 2순위,2024,KIA,20,P,18,18,0,0,0,0,7,4,0,0,81.2,38,44,42.65,362,82,14.0,1.0,8,43,1,0,58,7.0,0,1,4.19,4.85,4.7,5.35,1.53,1.89
15432,윤영철,2004년 04월 20일,좌투좌타,서대문구-충암중-충암고,23 KIA 1라운드 2순위,2025,KIA,21,P,13,13,0,0,0,0,2,7,0,0,50.0,31,37,32.85,227,52,7.0,0.0,4,30,1,0,43,3.0,0,4,5.58,6.66,5.91,4.7,1.64,0.18
15435,곽도규,2004년 04월 12일,좌투좌타,공주중-공주고,23 KIA 5라운드 42순위,2024,KIA,20,P,71,0,71,3,0,0,4,2,2,16,55.2,22,24,28.6,248,43,7.0,0.0,4,34,4,1,64,5.0,0,7,3.56,3.88,4.62,4.34,1.38,1.14
15461,이로운,2004년 09월 11일,우투우타,본리초-경복중-대구고,23 SSG 1라운드 5순위,2023,SSG,19,P,50,0,50,14,0,0,6,1,0,5,57.2,36,39,41.05,268,67,13.0,1.0,7,29,1,2,52,4.0,0,3,5.62,6.09,6.41,4.65,1.66,-0.19
15461,이로운,2004년 09월 11일,우투우타,본리초-경복중-대구고,23 SSG 1라운드 5순위,2024,SSG,20,P,62,0,62,14,0,0,1,3,1,9,56.0,37,43,40.1,277,67,9.0,2.0,4,43,3,4,41,3.0,0,3,5.95,6.91,6.44,5.77,1.96,0.2
15461,이로운,2004년 09월 11일,우투우타,본리초-경복중-대구고,23 SSG 1라운드 5순위,2025,SSG,21,P,75,0,75,5,0,0,6,5,1,33,77.0,17,19,23.85,305,56,4.0,1.0,7,26,0,5,66,1.0,0,2,1.99,2.22,2.79,3.77,1.06,2.85
15462,송영진,2004년 05월 28일,우투양타,유천초-한밭중-대전고,23 SSG 2라운드 15순위,2023,SSG,19,P,17,9,8,1,0,0,3,3,0,0,47.1,30,35,34.65,220,46,9.0,1.0,3,31,2,0,38,5.0,2,8,5.7,6.65,6.59,4.76,1.63,-0.17
15462,송영진,2004년 05월 28일,우투양타,유천초-한밭중-대전고,23 SSG 2라운드 15순위,2024,SSG,20,P,26,20,6,2,0,0,5,10,0,0,99.1,64,74,68.15,456,112,19.0,2.0,10,51,1,0,67,7.0,2,8,5.8,6.7,6.17,5.42,1.64,0.82
15462,송영진,2004년 05월 28일,우투양타,유천초-한밭중-대전고,23 SSG 2라운드 15순위,2025,SSG,21,P,21,8,13,2,0,0,2,5,0,0,63.1,41,45,43.45,288,77,5.0,1.0,10,31,3,1,40,1.0,0,2,5.83,6.39,6.17,5.89,1.71,0.17
15486,박명근,2004년 03월 27일,우언우타,구리-구리인창중-라온고,23 LG 3라운드 27순위,2023,LG,19,P,57,1,56,12,0,0,4,3,5,9,51.1,29,31,31.7,236,49,9.0,1.0,4,28,6,2,40,6.0,0,1,5.08,5.44,5.56,4.82,1.5,-0.1
15486,박명근,2004년 03월 27일,우언우타,구리-구리인창중-라온고,23 LG 3라운드 27순위,2025,LG,21,P,44,0,44,13,0,0,3,4,4,10,38.2,21,21,18.05,168,36,5.0,1.0,5,16,5,2,30,0.0,1,0,4.89,4.89,4.2,5.09,1.34,0.62
15528,맥카티,1995년 10월 12일,좌투좌타,-,23 SSG 자유선발,2023,SSG,28,P,24,24,0,0,0,0,9,5,0,0,130.0,49,58,56.8,543,124,19.0,2.0,10,45,1,0,116,6.0,1,4,3.39,4.02,3.93,3.63,1.3,2.87
15533,앤더슨,1994년 10월 29일,우투우타,-,23 KIA 자유선발,2023,KIA,29,P,14,14,0,0,0,0,4,7,0,0,79.0,33,42,39.05,336,76,12.0,3.0,6,26,2,0,64,8.0,0,10,3.76,4.78,4.45,3.83,1.29,1.33
15534,메디나,1996년 12월 18일,우투우타,-,23 KIA 자유선발,2023,KIA,27,P,12,12,0,0,0,0,2,6,0,0,58.0,39,42,39.25,269,64,16.0,1.0,6,29,9,0,36,2.0,1,5,6.05,6.52,6.09,5.56,1.6,0.06
15643,산체스,1997년 04월 11일,좌투좌타,-,23 한화 자유선발,2023,한화,26,P,24,24,0,0,0,0,7,8,0,0,126.0,53,62,60.8,540,136,23.0,0.0,13,28,6,2,99,7.0,0,3,3.79,4.43,4.34,3.92,1.3,2.2
15643,산체스,1997년 04월 11일,좌투좌타,-,23 한화 자유선발,2024,한화,27,P,11,11,0,0,0,0,2,3,0,0,53.1,25,28,25.8,245,60,9.0,1.0,2,21,10,1,56,4.0,1,2,4.22,4.73,4.35,3.91,1.52,1.29
15644,엘리아스,1988년 08월 01일,좌투좌타,-,23 SSG 자유선발,2023,SSG,35,P,22,21,1,1,0,0,8,6,0,0,131.1,54,58,56.8,548,140,22.0,1.0,12,33,6,1,93,5.0,0,0,3.7,3.97,3.89,4.09,1.32,2.92
15644,엘리아스,1988년 08월 01일,좌투좌타,-,23 SSG 자유선발,2024,SSG,36,P,22,21,1,0,0,0,7,7,0,0,123.2,56,59,55.9,525,126,14.0,0.0,13,30,6,0,104,10.0,0,3,4.08,4.29,4.07,4.31,1.26,3.61
15648,산체스,1994년 10월 31일,우투우타,-,23 KIA 자유선발,2023,KIA,29,P,12,11,1,1,1,0,4,4,0,0,63.2,42,46,43.6,285,79,19.0,1.0,7,15,4,1,59,3.0,1,1,5.94,6.5,6.16,3.77,1.48,0.13
16023,엔스,1991년 05월 16일,좌투좌타,-,24 LG 자유선발,2024,LG,33,P,30,30,0,0,0,0,13,6,0,0,167.2,78,84,83.65,714,169,29.0,3.0,16,50,6,0,157,9.0,0,4,4.19,4.51,4.49,4.1,1.31,3.77
16085,성영탁,2004년 07월 28일,우투우타,부산서구-개성중-부산고,24 KIA 10라운드 96순위,2025,KIA,21,P,45,0,45,5,0,0,3,2,0,7,52.1,9,11,13.9,198,38,6.0,0.0,2,13,0,0,30,4.0,0,1,1.55,1.89,2.39,3.74,0.97,1.99
16087,크로우,1994년 09월 09일,우투우타,-,24 KIA 자유선발,2024,KIA,30,P,8,8,0,0,0,0,5,1,0,0,40.1,16,19,18.0,172,41,7.0,0.0,2,12,1,1,43,1.0,0,0,3.57,4.24,4.02,3.11,1.31,1.09
16088,네일,1993년 02월 08일,우투우타,-,24 KIA 자유선발,2024,KIA,31,P,26,26,0,0,0,0,12,5,0,0,149.1,42,69,67.3,642,154,27.0,1.0,11,35,9,0,138,17.0,1,3,2.53,4.16,4.06,3.74,1.27,4.31
16088,네일,1993년 02월 08일,우투우타,-,24 KIA 자유선발,2025,KIA,32,P,27,27,0,0,0,0,8,4,0,0,164.1,41,46,45.3,664,135,18.0,1.0,6,41,15,0,152,9.0,0,4,2.25,2.52,2.48,3.13,1.07,6.59
16107,황준서,2005년 08월 22일,좌투좌타,중랑구-상명중-장충고,24 한화 1라운드 1순위,2024,한화,19,P,36,11,25,6,0,0,2,8,0,1,72.0,43,44,44.05,341,80,16.0,0.0,9,51,5,0,70,1.0,1,3,5.38,5.5,5.51,5.78,1.82,1.02
16107,황준서,2005년 08월 22일,좌투좌타,중랑구-상명중-장충고,24 한화 1라운드 1순위,2025,한화,20,P,23,12,11,1,0,0,2,8,0,0,56.0,33,37,34.75,242,54,11.0,4.0,7,26,2,2,57,1.0,0,1,5.3,5.95,5.58,4.46,1.43,0.41
16108,조동욱,2004년 11월 02일,좌투좌타,소래초-영남중-장충고,24 한화 2라운드 11순위,2024,한화,20,P,21,8,13,6,0,0,1,2,0,0,41.0,29,34,35.9,198,57,10.0,0.0,5,14,6,0,32,3.0,1,1,6.37,7.46,7.88,5.29,1.73,-0.07
16108,조동욱,2004년 11월 02일,좌투좌타,소래초-영남중-장충고,24 한화 2라운드 11순위,2025,한화,21,P,68,2,66,12,0,0,3,3,2,5,60.0,27,29,25.45,283,77,16.0,0.0,4,29,4,3,43,4.0,1,7,4.05,4.35,3.82,4.63,1.77,1.31
16146,앤더슨,1994년 03월 22일,우투우타,-,24 SSG 자유선발,2024,SSG,30,P,24,23,1,0,0,0,11,3,0,0,115.2,50,55,53.8,496,98,13.0,1.0,11,53,8,0,158,4.0,1,5,3.89,4.28,4.19,3.64,1.31,3.45
16146,앤더슨,1994년 03월 22일,우투우타,-,24 SSG 자유선발,2025,SSG,31,P,30,30,0,0,0,0,12,7,0,0,171.2,43,53,51.1,694,121,17.0,1.0,13,51,9,1,245,6.0,0,10,2.25,2.78,2.68,2.37,1.0,6.54
16150,바리아,1996년 07월 18일,우투우타,-,24 한화 자유선발,2024,한화,28,P,20,19,1,0,0,0,6,7,0,0,92.2,53,58,56.6,405,114,20.0,1.0,10,18,0,0,83,7.0,0,6,5.15,5.63,5.5,3.9,1.42,1.41
16151,알드레드,1996년 07월 25일,좌투좌타,-,24 KIA 부상 대체 외국인선수,2024,KIA,28,P,9,9,0,1,1,1,3,2,0,0,43.2,22,24,20.35,184,38,4.0,0.0,4,17,2,0,52,4.0,0,1,4.53,4.95,4.19,3.74,1.26,1.2
16153,와이스,1996년 12월 10일,우투우타,-,24 한화 부상 대체 외국인선수,2024,한화,28,P,16,16,0,0,0,0,5,5,0,0,91.2,38,43,41.95,384,77,13.0,5.0,8,29,3,0,98,7.0,0,6,3.73,4.22,4.12,3.71,1.16,2.57
16153,와이스,1996년 12월 10일,우투우타,-,24 한화 부상 대체 외국인선수,2025,한화,29,P,30,30,0,0,0,0,16,5,0,0,178.2,57,63,62.3,725,127,30.0,1.0,13,56,13,0,207,7.0,2,5,2.87,3.17,3.14,3.12,1.02,5.95
16160,에르난데스,1995년 05월 03일,우투우타,-,24 LG 자유선발,2024,LG,29,P,11,9,2,1,0,0,3,2,1,1,47.0,21,21,19.45,195,41,6.0,1.0,5,16,2,0,55,1.0,0,1,4.02,4.02,3.72,3.8,1.21,1.39
16160,에르난데스,1995년 05월 03일,우투우타,-,24 LG 자유선발,2025,LG,30,P,14,14,0,0,0,0,4,4,0,0,66.0,31,32,31.0,276,53,14.0,0.0,7,24,5,0,73,0.0,0,3,4.23,4.36,4.23,3.82,1.17,1.28
16161,라우어,1995년 06월 03일,좌투우타,-,24 KIA 자유선발,2024,KIA,29,P,7,7,0,0,0,0,2,2,0,0,34.2,19,19,17.8,150,35,7.0,1.0,3,12,3,0,37,0.0,0,0,4.93,4.93,4.62,3.98,1.36,0.76
16261,올러,1994년 10월 17일,우투우타,-,25 KIA 자유선발,2025,KIA,31,P,26,26,0,1,1,0,11,7,0,0,149.0,60,64,62.8,620,125,25.0,3.0,8,47,8,0,169,6.0,0,2,3.62,3.87,3.79,2.9,1.15,3.61
16274,김영우,2005년 01월 14일,우투우타,서대문구-신월중-서울고,25 LG 1라운드 10순위,2025,LG,20,P,66,0,66,11,0,0,3,2,1,7,60.0,16,17,21.8,255,49,13.0,0.0,2,30,3,2,56,1.0,0,5,2.4,2.55,3.27,3.64,1.32,1.5
16286,치리노스,1993년 12월 26일,우투우타,-,25 LG 자유선발,2025,LG,32,P,30,30,0,0,0,0,13,6,0,0,177.0,65,71,65.5,737,173,26.0,1.0,5,36,9,0,137,5.0,0,4,3.31,3.61,3.33,3.13,1.18,5.21
16301,정우주,2006년 11월 07일,우투우타,남양주-건대부중-전주고,25 한화 1라운드 2순위,2025,한화,19,P,51,2,49,15,0,0,3,0,0,3,53.2,17,18,20.75,228,34,6.0,1.0,6,21,10,0,82,4.0,1,3,2.85,3.02,3.48,3.28,1.02,1.23
16313,폰세,1994년 04월 25일,우투우타,-,25 한화 자유선발,2025,한화,31,P,29,29,0,0,0,0,17,1,0,0,180.2,38,41,38.6,697,128,18.0,0.0,10,41,6,0,252,3.0,3,7,1.89,2.04,1.92,1.92,0.94,8.38
16324,화이트,1994년 12월 28일,우투우타,-,25 SSG 자유선발,2025,SSG,31,P,24,24,0,1,1,0,11,4,0,0,134.2,43,51,49.45,562,111,17.0,2.0,9,44,8,1,137,11.0,0,6,2.87,3.41,3.3,3.38,1.15,4.24
16404,톨허스트,1999년 09월 13일,우투우타,-,25 LG 자유선발,2025,LG,26,P,8,8,0,0,0,0,6,2,0,0,44.0,14,15,15.0,184,39,7.0,1.0,2,16,2,1,45,2.0,0,1,2.86,3.07,3.07,3.21,1.25,1.31
